,Intermittency,Peak Latency
0,0.0,1.5
1,0.0,8.5
2,0.0,5.5
3,0.0,2.5
4,0.0,10.5
5,0.0,12.5
6,0.0,9.5
7,0.0,11.5
8,0.0,7.5
9,0.0,12.5
10,0.0,4.0
11,0.0,7.5
12,0.0,6.5
13,0.0,3.5
14,0.0,3.5
15,0.0,8.0
16,0.0,9.5
17,0.0,4.5
18,0.0,7.5
19,0.0,3.5
20,0.0,4.5
21,0.0,6.5
22,0.0,6.0
23,0.0,6.5
24,0.0,10.0
25,0.0,8.5
26,0.0,5.5
27,0.0,8.0
28,0.0,6.0
29,0.0,7.5
30,0.0,4.0
31,0.0,11.0
32,0.0,11.5
33,0.0,8.5
34,0.0,5.5
35,0.0,3.5
36,0.0,7.5
37,0.0,12.5
38,0.0,4.0
39,0.0,12.5
40,0.0,8.0
41,0.0,6.0
42,0.0,10.0
43,0.0,10.5
44,0.0,6.5
45,0.0,6.5
46,0.0,4.5
47,0.0,12.5
48,0.0,10.0
49,0.0,6.5
50,0.0,4.5
51,0.0,1.0
52,0.0,1.5
53,0.0,3.5
54,0.0,1.5
55,0.0,1.5
56,0.0,3.5
57,0.0,1.5
58,0.0,1.5
59,0.0,1.5
60,0.0,4.5
61,0.0,6.0
62,0.0,1.5
63,0.0,1.5
64,0.0,2.5
65,0.0,3.0
66,0.0,2.0
67,0.0,1.5
68,0.0,8.0
69,0.0,1.5
70,0.0,2.0
71,0.0,2.0
72,0.0,1.5
73,0.0,4.5
74,0.0,8.5
75,0.0,6.0
76,0.0,3.0
77,0.0,3.0
78,0.0,6.5
79,0.0,12.0
80,0.0,7.5
81,0.0,9.0
82,0.0,10.5
83,0.0,6.0
84,0.0,10.5
85,0.0,6.0
86,0.0,7.0
87,0.0,8.0
88,0.0,8.0
89,0.0,6.0
90,0.0,3.0
91,0.0,2.5
92,0.0,3.5
93,0.0,4.5
94,0.0,4.5
95,0.0,7.0
96,0.0,6.0
97,0.0,9.0
98,0.0,9.0
99,0.0,4.5
100,0.0,3.0
101,0.0,2.0
102,0.0,2.0
103,0.0,2.5
104,0.0,2.5
105,0.0,2.0
106,0.0,9.5
107,0.0,2.5
108,0.0,2.0
109,0.0,2.0
110,0.0,1.5
111,0.0,1.5
112,0.0,3.0
113,0.0,5.0
114,0.0,2.0
115,0.0,2.0
116,0.0,1.5
117,0.0,2.5
118,0.0,8.0
119,0.0,2.0
120,0.0,4.0
121,0.0,2.5
122,0.0,8.5
123,0.0,11.5
124,0.0,7.5
125,0.0,3.5
126,0.0,5.0
127,0.0,3.5
128,0.0,1.5
129,0.0,3.0
130,0.0,2.5
131,0.0,2.5
132,0.0,3.0
133,0.0,7.5
134,0.0,4.0
135,0.0,2.5
136,0.0,2.5
137,0.0,3.0
138,0.0,2.5
139,0.0,1.5
140,0.0,1.5
141,0.0,1.5
142,0.0,1.5
143,0.0,1.5
144,0.0,6.0
145,0.0,1.5
146,0.0,1.5
147,0.0,1.5
148,0.0,12.0
149,0.0,1.5
150,0.0,10.0
151,0.0,7.5
152,0.0,10.0
153,0.0,8.0
154,0.0,10.5
155,0.0,5.0
156,0.0,8.5
157,0.0,5.5
158,0.0,5.5
159,0.0,8.5
160,0.0,2.0
161,0.0,2.5
162,0.0,2.0
163,0.0,2.0
164,0.0,2.0
165,0.0,2.0
166,0.0,2.0
167,0.0,1.5
168,0.0,2.0
169,0.0,1.5
170,0.0,3.5
171,0.0,11.5
172,0.0,6.0
173,0.0,7.5
174,0.0,12.0
175,0.0,10.0
176,0.0,7.5
177,0.0,7.5
178,0.0,2.5
179,0.0,3.5
180,0.0,8.5
181,0.0,2.0
182,0.0,2.0
183,0.0,2.0
184,0.0,10.0
185,0.0,2.0
186,0.0,11.0
187,0.0,2.0
188,0.0,1.5
189,0.0,1.5
190,0.0,1.5
191,0.0,6.0
192,0.0,11.0
193,0.0,4.0
194,0.0,1.0
195,0.0,1.5
196,0.0,1.0
197,0.0,1.5
198,0.0,2.5
199,0.0,3.5
200,0.0,3.0
201,0.0,3.0
202,0.0,1.5
203,0.0,1.5
204,0.0,3.0
205,0.0,2.5
206,0.0,3.0
207,0.0,1.5
208,0.0,1.5
209,0.0,1.5
210,0.0,2.0
211,0.0,2.0
212,0.0,8.0
213,0.0,1.5
214,0.0,1.5
215,0.0,8.5
216,0.0,8.5
217,0.0,1.0
218,0.0,1.0
219,0.0,1.0
220,0.0,6.5
221,0.0,7.5
222,0.0,9.5
223,0.0,4.5
224,0.0,5.0
225,0.0,8.5
226,0.0,10.0
227,0.0,7.0
228,0.0,2.0
229,0.0,5.0
230,0.0,11.0
231,0.0,3.0
232,0.0,4.5
233,0.0,7.5
234,0.0,6.0
235,0.0,2.0
236,0.0,7.0
237,0.0,8.5
238,0.0,5.0
239,0.0,4.0
240,0.0,3.5
241,0.0,9.5
242,0.0,8.0
243,0.0,2.5
244,0.0,10.5
245,0.0,2.5
246,0.0,8.5
247,0.0,11.5
248,0.0,6.5
249,0.0,8.5
250,0.0,2.5
251,0.0,2.5
252,0.0,3.0
253,0.0,9.5
254,0.0,2.5
255,0.0,2.5
256,0.0,2.0
257,0.0,2.5
258,0.0,3.0
259,0.0,9.0
260,0.0,3.5
261,0.0,1.0
262,0.0,1.5
263,0.0,6.0
264,0.0,2.0
265,0.0,6.0
266,0.0,1.5
267,0.0,6.5
268,0.0,2.5
269,0.0,10.0
270,0.0,10.5
271,0.0,10.0
272,0.0,8.5
273,0.0,8.0
274,0.0,9.5
275,0.0,12.5
276,0.0,9.5
277,0.0,12.0
278,0.0,8.5
279,0.0,6.5
280,0.0,3.0
281,0.0,1.5
282,0.0,2.5
283,0.0,1.5
284,0.0,2.5
285,0.0,2.5
286,0.0,10.0
287,0.0,10.5
288,0.0,7.0
289,0.0,12.5
290,0.0,4.5
291,0.0,5.0
292,0.0,10.5
293,0.0,2.5
294,0.0,12.5
295,0.0,10.5
296,0.0,3.0
297,0.0,10.5
298,0.0,6.0
299,0.0,4.5
300,0.0,4.5
301,0.0,3.5
302,0.0,3.5
303,0.0,7.0
304,0.0,4.0
305,0.0,5.5
306,0.0,2.5
307,0.0,4.0
308,0.0,5.5
309,0.0,2.0
310,0.0,10.5
311,0.0,5.0
312,0.0,2.0
313,0.0,6.5
314,0.0,5.5
315,0.0,8.5
316,0.0,3.5
317,0.0,8.5
318,0.0,2.0
319,0.0,11.0
320,0.0,2.0
321,0.0,6.5
322,0.0,2.5
323,0.0,10.0
324,0.0,11.5
325,0.0,2.0
326,0.0,6.0
327,0.0,6.0
328,0.0,4.5
329,0.0,9.5
330,0.0,1.0
331,0.0,8.5
332,0.0,1.5
333,0.0,5.0
334,0.0,7.0
335,0.0,3.0
336,0.0,3.0
337,0.0,9.5
338,0.0,7.0
339,0.0,2.0
340,0.0,2.0
341,0.0,2.0
342,0.0,4.0
343,0.0,2.0
344,0.0,3.0
345,0.0,2.0
346,0.0,10.0
347,0.0,2.0
348,0.0,1.5
349,0.0,3.0
350,0.0,3.0
351,0.0,7.0
352,0.0,3.0
353,0.0,4.0
354,0.0,2.0
355,0.0,3.0
356,0.0,11.0
357,0.0,5.5
358,0.0,2.5
359,0.0,3.0
360,0.0,1.5
361,0.0,6.0
362,0.0,3.5
363,0.0,2.0
364,0.0,1.5
365,0.0,2.5
366,0.0,2.5
367,0.0,8.0
368,0.0,3.0
369,0.0,3.5
370,0.0,5.5
371,0.0,4.5
372,0.0,5.5
373,0.0,2.5
374,0.0,3.0
375,0.0,2.5
376,0.0,3.0
377,0.0,2.5
378,0.0,2.5
379,0.0,3.5
380,0.0,12.0
381,0.0,4.0
382,0.0,9.5
383,0.0,4.0
384,0.0,2.0
385,0.0,5.0
386,0.0,6.5
387,0.0,2.0
388,0.0,5.5
389,0.0,7.0
390,0.0,3.0
391,0.0,9.5
392,0.0,10.5
393,0.0,3.0
394,0.0,3.5
395,0.0,3.0
396,0.0,3.0
397,0.0,8.5
398,0.0,7.0
399,0.0,3.0
400,0.0,4.0
401,0.0,10.0
402,0.0,11.5
403,0.0,6.0
404,0.0,4.5
405,0.0,6.0
406,0.0,4.0
407,0.0,3.0
408,0.0,2.0
409,0.0,10.0
410,0.0,8.5
411,0.0,8.5
412,0.0,4.0
413,0.0,2.5
414,0.0,1.0
415,0.0,1.0
416,0.0,7.0
417,0.0,1.0
418,0.0,7.5
419,0.0,6.5
420,0.0,1.0
421,0.0,8.5
422,0.0,2.0
423,0.0,2.5
424,0.0,2.5
425,0.0,1.5
426,0.0,2.0
427,0.0,2.0
428,0.0,2.0
429,0.0,2.0
430,0.0,1.5
431,0.0,2.0
432,0.0,8.5
433,0.0,2.0
434,0.0,3.5
435,0.0,2.0
436,0.0,2.0
437,0.0,5.5
438,0.0,2.0
439,0.0,8.0
440,0.0,6.0
441,0.0,7.0
442,0.0,2.5
443,0.0,6.0
444,0.0,3.5
445,0.0,1.5
446,0.0,3.0
447,0.0,2.0
448,0.0,4.0
449,0.0,2.5
450,0.0,1.0
451,0.0,1.0
452,0.0,5.0
453,0.0,1.0
454,0.0,1.0
455,0.0,1.0
456,0.0,1.0
457,0.0,1.0
458,0.0,1.0
459,0.0,1.0
460,0.0,6.0
461,0.0,4.5
462,0.0,2.0
463,0.0,7.0
464,0.0,5.0
465,0.0,5.0
466,0.0,5.0
467,0.0,5.0
468,0.0,1.5
469,0.0,3.0
470,0.0,7.5
471,0.0,9.0
472,0.0,9.0
473,0.0,10.0
474,0.0,10.5
475,0.0,9.0
476,0.0,7.0
477,0.0,2.0
478,0.0,5.5
479,0.0,9.5
480,0.0,6.0
481,0.0,1.5
482,0.0,1.5
483,0.0,2.5
484,0.0,1.5
485,0.0,2.5
486,0.0,1.5
487,0.0,2.0
488,0.0,1.5
489,0.0,1.5
490,0.0,5.5
491,0.0,5.0
492,0.0,2.0
493,0.0,7.5
494,0.0,4.0
495,0.0,9.5
496,0.0,3.0
497,0.0,3.5
498,0.0,4.0
499,0.0,3.0
0,0.1,12.0
1,0.1,12.5
2,0.1,12.5
3,0.1,7.5
4,0.1,12.5
5,0.1,12.0
6,0.1,9.5
7,0.1,12.5
8,0.1,12.0
9,0.1,12.0
10,0.1,4.0
11,0.1,11.0
12,0.1,8.5
13,0.1,11.0
14,0.1,11.5
15,0.1,9.5
16,0.1,12.5
17,0.1,12.5
18,0.1,12.5
19,0.1,10.0
20,0.1,9.0
21,0.1,12.5
22,0.1,12.0
23,0.1,12.0
24,0.1,12.5
25,0.1,10.5
26,0.1,11.5
27,0.1,11.5
28,0.1,9.0
29,0.1,8.0
30,0.1,12.0
31,0.1,9.0
32,0.1,12.0
33,0.1,10.5
34,0.1,12.5
35,0.1,12.5
36,0.1,9.5
37,0.1,11.5
38,0.1,10.0
39,0.1,11.0
40,0.1,12.0
41,0.1,11.5
42,0.1,12.5
43,0.1,11.5
44,0.1,12.5
45,0.1,12.5
46,0.1,12.0
47,0.1,12.5
48,0.1,12.5
49,0.1,12.5
50,0.1,9.0
51,0.1,10.5
52,0.1,11.5
53,0.1,11.5
54,0.1,12.5
55,0.1,12.0
56,0.1,10.5
57,0.1,10.0
58,0.1,10.0
59,0.1,11.5
60,0.1,12.5
61,0.1,11.0
62,0.1,12.5
63,0.1,11.0
64,0.1,9.0
65,0.1,12.5
66,0.1,12.0
67,0.1,12.5
68,0.1,11.0
69,0.1,7.0
70,0.1,11.5
71,0.1,12.0
72,0.1,12.5
73,0.1,10.0
74,0.1,10.0
75,0.1,10.0
76,0.1,12.5
77,0.1,12.0
78,0.1,8.0
79,0.1,10.5
80,0.1,12.5
81,0.1,13.0
82,0.1,12.5
83,0.1,12.5
84,0.1,12.0
85,0.1,12.5
86,0.1,10.5
87,0.1,12.5
88,0.1,11.0
89,0.1,8.5
90,0.1,12.5
91,0.1,13.0
92,0.1,12.5
93,0.1,10.0
94,0.1,10.0
95,0.1,11.0
96,0.1,11.5
97,0.1,12.5
98,0.1,12.5
99,0.1,11.5
100,0.1,11.5
101,0.1,10.5
102,0.1,11.5
103,0.1,12.5
104,0.1,12.0
105,0.1,9.5
106,0.1,11.5
107,0.1,10.5
108,0.1,12.5
109,0.1,11.5
110,0.1,11.5
111,0.1,12.0
112,0.1,11.0
113,0.1,8.0
114,0.1,11.5
115,0.1,10.0
116,0.1,10.5
117,0.1,12.0
118,0.1,9.0
119,0.1,7.0
120,0.1,10.0
121,0.1,11.0
122,0.1,12.5
123,0.1,12.5
124,0.1,12.0
125,0.1,9.5
126,0.1,12.5
127,0.1,6.0
128,0.1,12.5
129,0.1,8.5
130,0.1,12.5
131,0.1,12.5
132,0.1,12.5
133,0.1,13.0
134,0.1,5.0
135,0.1,11.5
136,0.1,12.5
137,0.1,8.5
138,0.1,12.5
139,0.1,12.5
140,0.1,9.5
141,0.1,12.5
142,0.1,4.5
143,0.1,11.5
144,0.1,12.0
145,0.1,12.5
146,0.1,2.5
147,0.1,12.5
148,0.1,8.0
149,0.1,11.0
150,0.1,11.5
151,0.1,12.5
152,0.1,12.0
153,0.1,12.0
154,0.1,9.5
155,0.1,12.5
156,0.1,11.0
157,0.1,12.5
158,0.1,11.5
159,0.1,10.5
160,0.1,11.5
161,0.1,12.5
162,0.1,9.0
163,0.1,12.5
164,0.1,11.5
165,0.1,12.5
166,0.1,12.0
167,0.1,11.0
168,0.1,12.5
169,0.1,12.5
170,0.1,5.0
171,0.1,11.5
172,0.1,12.5
173,0.1,12.5
174,0.1,11.5
175,0.1,11.0
176,0.1,7.5
177,0.1,11.0
178,0.1,7.0
179,0.1,12.0
180,0.1,6.0
181,0.1,12.0
182,0.1,10.5
183,0.1,12.5
184,0.1,8.5
185,0.1,12.5
186,0.1,11.0
187,0.1,12.5
188,0.1,8.0
189,0.1,12.5
190,0.1,12.5
191,0.1,12.5
192,0.1,12.5
193,0.1,12.0
194,0.1,11.0
195,0.1,8.0
196,0.1,12.5
197,0.1,11.5
198,0.1,13.0
199,0.1,12.5
200,0.1,12.5
201,0.1,9.5
202,0.1,10.5
203,0.1,9.5
204,0.1,12.5
205,0.1,12.0
206,0.1,11.0
207,0.1,11.0
208,0.1,10.5
209,0.1,12.5
210,0.1,8.0
211,0.1,13.0
212,0.1,12.5
213,0.1,12.5
214,0.1,11.0
215,0.1,12.0
216,0.1,10.5
217,0.1,10.0
218,0.1,12.5
219,0.1,11.5
220,0.1,9.0
221,0.1,12.0
222,0.1,12.5
223,0.1,12.5
224,0.1,12.0
225,0.1,9.5
226,0.1,12.5
227,0.1,12.5
228,0.1,12.0
229,0.1,13.0
230,0.1,12.5
231,0.1,12.5
232,0.1,9.0
233,0.1,11.5
234,0.1,12.5
235,0.1,11.0
236,0.1,11.5
237,0.1,11.5
238,0.1,12.5
239,0.1,12.5
240,0.1,5.5
241,0.1,12.0
242,0.1,10.0
243,0.1,12.0
244,0.1,12.5
245,0.1,9.5
246,0.1,10.5
247,0.1,12.5
248,0.1,10.5
249,0.1,12.5
250,0.1,10.5
251,0.1,12.5
252,0.1,9.5
253,0.1,12.0
254,0.1,10.5
255,0.1,11.5
256,0.1,11.5
257,0.1,10.5
258,0.1,11.5
259,0.1,11.5
260,0.1,6.5
261,0.1,12.0
262,0.1,11.5
263,0.1,11.5
264,0.1,9.5
265,0.1,6.5
266,0.1,11.0
267,0.1,12.0
268,0.1,9.5
269,0.1,12.5
270,0.1,12.5
271,0.1,8.5
272,0.1,12.5
273,0.1,9.0
274,0.1,5.0
275,0.1,12.5
276,0.1,12.0
277,0.1,11.0
278,0.1,6.5
279,0.1,12.5
280,0.1,12.5
281,0.1,12.0
282,0.1,9.0
283,0.1,12.5
284,0.1,11.0
285,0.1,8.5
286,0.1,10.5
287,0.1,12.5
288,0.1,12.5
289,0.1,12.5
290,0.1,9.0
291,0.1,10.5
292,0.1,12.5
293,0.1,12.0
294,0.1,12.0
295,0.1,10.5
296,0.1,12.5
297,0.1,12.5
298,0.1,12.5
299,0.1,12.5
300,0.1,9.5
301,0.1,12.5
302,0.1,12.5
303,0.1,10.5
304,0.1,12.5
305,0.1,11.5
306,0.1,10.0
307,0.1,12.5
308,0.1,10.0
309,0.1,12.5
310,0.1,12.5
311,0.1,12.5
312,0.1,12.5
313,0.1,12.0
314,0.1,12.5
315,0.1,12.5
316,0.1,12.5
317,0.1,10.0
318,0.1,12.5
319,0.1,13.0
320,0.1,9.0
321,0.1,12.5
322,0.1,12.5
323,0.1,12.5
324,0.1,12.5
325,0.1,12.0
326,0.1,10.5
327,0.1,11.5
328,0.1,12.5
329,0.1,11.5
330,0.1,11.5
331,0.1,12.0
332,0.1,12.5
333,0.1,11.0
334,0.1,11.0
335,0.1,13.0
336,0.1,12.0
337,0.1,8.5
338,0.1,9.5
339,0.1,12.0
340,0.1,12.5
341,0.1,12.5
342,0.1,12.5
343,0.1,12.0
344,0.1,11.5
345,0.1,13.0
346,0.1,12.5
347,0.1,12.5
348,0.1,12.5
349,0.1,11.0
350,0.1,12.5
351,0.1,9.5
352,0.1,7.5
353,0.1,12.5
354,0.1,11.5
355,0.1,9.0
356,0.1,9.5
357,0.1,10.0
358,0.1,12.5
359,0.1,12.5
360,0.1,12.5
361,0.1,10.5
362,0.1,12.0
363,0.1,11.0
364,0.1,10.0
365,0.1,12.5
366,0.1,12.5
367,0.1,12.5
368,0.1,12.0
369,0.1,12.5
370,0.1,11.5
371,0.1,12.5
372,0.1,7.5
373,0.1,12.5
374,0.1,12.0
375,0.1,12.0
376,0.1,11.5
377,0.1,12.5
378,0.1,6.0
379,0.1,12.5
380,0.1,12.5
381,0.1,8.0
382,0.1,11.0
383,0.1,12.5
384,0.1,11.0
385,0.1,12.5
386,0.1,12.5
387,0.1,13.0
388,0.1,12.0
389,0.1,12.0
390,0.1,12.5
391,0.1,12.5
392,0.1,12.5
393,0.1,11.5
394,0.1,11.0
395,0.1,13.0
396,0.1,12.5
397,0.1,12.5
398,0.1,12.0
399,0.1,8.5
400,0.1,12.0
401,0.1,9.5
402,0.1,13.0
403,0.1,10.5
404,0.1,10.5
405,0.1,11.5
406,0.1,11.5
407,0.1,12.5
408,0.1,12.5
409,0.1,11.5
410,0.1,11.0
411,0.1,11.5
412,0.1,10.0
413,0.1,10.5
414,0.1,12.0
415,0.1,12.5
416,0.1,12.5
417,0.1,12.0
418,0.1,11.5
419,0.1,10.5
420,0.1,10.5
421,0.1,10.0
422,0.1,12.5
423,0.1,12.0
424,0.1,12.0
425,0.1,10.0
426,0.1,12.5
427,0.1,6.0
428,0.1,11.5
429,0.1,12.5
430,0.1,11.0
431,0.1,6.5
432,0.1,10.5
433,0.1,12.5
434,0.1,12.5
435,0.1,12.5
436,0.1,11.5
437,0.1,12.0
438,0.1,10.0
439,0.1,11.0
440,0.1,12.5
441,0.1,10.5
442,0.1,11.5
443,0.1,12.5
444,0.1,8.0
445,0.1,12.0
446,0.1,12.0
447,0.1,11.5
448,0.1,11.5
449,0.1,12.5
450,0.1,12.5
451,0.1,7.5
452,0.1,11.0
453,0.1,10.5
454,0.1,11.5
455,0.1,10.0
456,0.1,9.0
457,0.1,9.0
458,0.1,12.5
459,0.1,9.5
460,0.1,7.0
461,0.1,10.5
462,0.1,11.0
463,0.1,11.5
464,0.1,10.0
465,0.1,12.5
466,0.1,12.5
467,0.1,12.5
468,0.1,10.5
469,0.1,12.5
470,0.1,12.5
471,0.1,8.0
472,0.1,5.0
473,0.1,12.0
474,0.1,10.0
475,0.1,12.5
476,0.1,6.0
477,0.1,11.5
478,0.1,12.0
479,0.1,12.5
480,0.1,12.5
481,0.1,10.0
482,0.1,8.0
483,0.1,12.5
484,0.1,6.0
485,0.1,13.0
486,0.1,12.0
487,0.1,10.0
488,0.1,11.0
489,0.1,11.5
490,0.1,11.5
491,0.1,12.5
492,0.1,13.0
493,0.1,12.5
494,0.1,12.5
495,0.1,12.0
496,0.1,10.0
497,0.1,8.0
498,0.1,12.5
499,0.1,10.5
0,0.2,12.5
1,0.2,12.5
2,0.2,12.0
3,0.2,10.0
4,0.2,6.0
5,0.2,12.5
6,0.2,13.0
7,0.2,12.5
8,0.2,11.5
9,0.2,12.5
10,0.2,11.0
11,0.2,10.5
12,0.2,12.5
13,0.2,12.5
14,0.2,10.0
15,0.2,10.5
16,0.2,11.5
17,0.2,10.5
18,0.2,12.0
19,0.2,12.0
20,0.2,13.0
21,0.2,10.5
22,0.2,12.5
23,0.2,11.5
24,0.2,10.0
25,0.2,12.5
26,0.2,11.5
27,0.2,10.0
28,0.2,10.5
29,0.2,12.5
30,0.2,12.0
31,0.2,10.0
32,0.2,12.5
33,0.2,12.5
34,0.2,11.0
35,0.2,11.0
36,0.2,9.5
37,0.2,12.5
38,0.2,11.5
39,0.2,11.5
40,0.2,9.5
41,0.2,7.5
42,0.2,11.5
43,0.2,13.0
44,0.2,9.0
45,0.2,12.0
46,0.2,12.5
47,0.2,12.0
48,0.2,11.5
49,0.2,13.0
50,0.2,12.5
51,0.2,12.5
52,0.2,12.5
53,0.2,12.5
54,0.2,11.0
55,0.2,13.0
56,0.2,12.5
57,0.2,12.5
58,0.2,9.0
59,0.2,12.0
60,0.2,12.5
61,0.2,10.5
62,0.2,12.5
63,0.2,8.5
64,0.2,12.5
65,0.2,11.5
66,0.2,11.0
67,0.2,7.0
68,0.2,9.5
69,0.2,10.5
70,0.2,13.0
71,0.2,11.5
72,0.2,11.5
73,0.2,10.5
74,0.2,9.0
75,0.2,10.0
76,0.2,12.5
77,0.2,12.5
78,0.2,9.5
79,0.2,10.5
80,0.2,12.0
81,0.2,10.5
82,0.2,11.0
83,0.2,12.5
84,0.2,11.0
85,0.2,11.0
86,0.2,11.5
87,0.2,12.0
88,0.2,8.5
89,0.2,12.5
90,0.2,10.5
91,0.2,13.0
92,0.2,11.0
93,0.2,12.0
94,0.2,12.5
95,0.2,11.0
96,0.2,12.5
97,0.2,11.5
98,0.2,13.0
99,0.2,11.5
100,0.2,12.5
101,0.2,12.5
102,0.2,10.0
103,0.2,12.5
104,0.2,13.0
105,0.2,11.5
106,0.2,12.5
107,0.2,12.5
108,0.2,12.5
109,0.2,12.5
110,0.2,12.5
111,0.2,12.5
112,0.2,11.5
113,0.2,11.0
114,0.2,12.0
115,0.2,12.5
116,0.2,8.5
117,0.2,12.0
118,0.2,9.5
119,0.2,12.0
120,0.2,12.0
121,0.2,12.0
122,0.2,10.0
123,0.2,12.5
124,0.2,12.0
125,0.2,12.5
126,0.2,8.5
127,0.2,10.5
128,0.2,12.0
129,0.2,10.5
130,0.2,12.0
131,0.2,12.5
132,0.2,13.0
133,0.2,11.0
134,0.2,12.5
135,0.2,11.5
136,0.2,11.0
137,0.2,8.5
138,0.2,11.0
139,0.2,11.5
140,0.2,11.5
141,0.2,12.5
142,0.2,6.5
143,0.2,12.5
144,0.2,12.5
145,0.2,11.0
146,0.2,10.0
147,0.2,13.0
148,0.2,11.5
149,0.2,13.0
150,0.2,12.5
151,0.2,12.5
152,0.2,12.5
153,0.2,11.0
154,0.2,12.5
155,0.2,12.5
156,0.2,8.0
157,0.2,12.5
158,0.2,12.5
159,0.2,11.0
160,0.2,12.0
161,0.2,10.0
162,0.2,10.5
163,0.2,12.5
164,0.2,11.5
165,0.2,12.5
166,0.2,12.5
167,0.2,9.5
168,0.2,9.5
169,0.2,12.5
170,0.2,10.5
171,0.2,11.0
172,0.2,11.0
173,0.2,10.0
174,0.2,12.5
175,0.2,12.5
176,0.2,12.5
177,0.2,12.5
178,0.2,12.0
179,0.2,12.0
180,0.2,12.0
181,0.2,4.5
182,0.2,11.0
183,0.2,12.5
184,0.2,10.5
185,0.2,12.5
186,0.2,11.5
187,0.2,11.0
188,0.2,12.5
189,0.2,12.5
190,0.2,9.0
191,0.2,12.5
192,0.2,12.0
193,0.2,12.5
194,0.2,12.5
195,0.2,11.5
196,0.2,13.0
197,0.2,12.0
198,0.2,12.5
199,0.2,10.5
200,0.2,12.5
201,0.2,9.0
202,0.2,12.0
203,0.2,12.5
204,0.2,11.0
205,0.2,12.5
206,0.2,13.0
207,0.2,12.5
208,0.2,10.5
209,0.2,12.5
210,0.2,9.0
211,0.2,12.5
212,0.2,9.5
213,0.2,12.5
214,0.2,8.5
215,0.2,12.5
216,0.2,9.5
217,0.2,12.5
218,0.2,11.0
219,0.2,10.5
220,0.2,12.5
221,0.2,12.0
222,0.2,10.0
223,0.2,11.5
224,0.2,12.5
225,0.2,8.5
226,0.2,11.5
227,0.2,12.5
228,0.2,11.0
229,0.2,12.0
230,0.2,11.0
231,0.2,11.5
232,0.2,11.0
233,0.2,6.0
234,0.2,10.0
235,0.2,11.0
236,0.2,12.5
237,0.2,12.5
238,0.2,9.0
239,0.2,6.5
240,0.2,12.0
241,0.2,13.0
242,0.2,12.5
243,0.2,13.0
244,0.2,11.5
245,0.2,5.5
246,0.2,12.0
247,0.2,12.5
248,0.2,11.0
249,0.2,12.5
250,0.2,12.0
251,0.2,12.5
252,0.2,12.0
253,0.2,12.5
254,0.2,8.0
255,0.2,13.0
256,0.2,11.5
257,0.2,10.5
258,0.2,12.0
259,0.2,9.5
260,0.2,9.5
261,0.2,11.0
262,0.2,11.0
263,0.2,9.5
264,0.2,12.5
265,0.2,10.5
266,0.2,12.5
267,0.2,12.5
268,0.2,10.5
269,0.2,12.5
270,0.2,8.5
271,0.2,6.0
272,0.2,10.5
273,0.2,8.5
274,0.2,9.0
275,0.2,12.5
276,0.2,7.0
277,0.2,11.0
278,0.2,12.0
279,0.2,9.5
280,0.2,12.5
281,0.2,12.5
282,0.2,9.5
283,0.2,12.5
284,0.2,11.0
285,0.2,12.5
286,0.2,12.5
287,0.2,12.5
288,0.2,12.0
289,0.2,12.5
290,0.2,12.5
291,0.2,11.5
292,0.2,12.5
293,0.2,11.5
294,0.2,13.0
295,0.2,7.5
296,0.2,12.0
297,0.2,10.0
298,0.2,11.5
299,0.2,12.5
300,0.2,12.5
301,0.2,12.0
302,0.2,12.5
303,0.2,12.5
304,0.2,13.0
305,0.2,12.5
306,0.2,10.5
307,0.2,12.5
308,0.2,12.0
309,0.2,12.5
310,0.2,11.0
311,0.2,12.5
312,0.2,8.5
313,0.2,12.5
314,0.2,12.5
315,0.2,12.0
316,0.2,12.5
317,0.2,10.5
318,0.2,12.5
319,0.2,12.0
320,0.2,12.5
321,0.2,12.0
322,0.2,11.0
323,0.2,9.5
324,0.2,11.5
325,0.2,11.0
326,0.2,12.5
327,0.2,12.0
328,0.2,8.0
329,0.2,12.5
330,0.2,12.5
331,0.2,10.0
332,0.2,10.0
333,0.2,12.5
334,0.2,12.5
335,0.2,12.0
336,0.2,12.5
337,0.2,8.5
338,0.2,11.0
339,0.2,12.5
340,0.2,13.0
341,0.2,12.5
342,0.2,11.5
343,0.2,12.5
344,0.2,7.0
345,0.2,13.0
346,0.2,11.0
347,0.2,12.0
348,0.2,12.5
349,0.2,11.5
350,0.2,12.0
351,0.2,10.5
352,0.2,12.5
353,0.2,12.5
354,0.2,11.5
355,0.2,12.5
356,0.2,10.0
357,0.2,9.5
358,0.2,12.5
359,0.2,11.0
360,0.2,7.5
361,0.2,10.0
362,0.2,12.5
363,0.2,9.5
364,0.2,11.5
365,0.2,12.5
366,0.2,7.5
367,0.2,12.5
368,0.2,12.5
369,0.2,6.5
370,0.2,12.5
371,0.2,12.0
372,0.2,10.0
373,0.2,12.5
374,0.2,12.5
375,0.2,12.5
376,0.2,12.0
377,0.2,12.0
378,0.2,12.0
379,0.2,12.5
380,0.2,12.5
381,0.2,11.0
382,0.2,11.5
383,0.2,10.5
384,0.2,11.5
385,0.2,12.0
386,0.2,6.0
387,0.2,12.5
388,0.2,12.5
389,0.2,11.5
390,0.2,11.5
391,0.2,13.0
392,0.2,13.0
393,0.2,11.5
394,0.2,12.5
395,0.2,10.0
396,0.2,11.5
397,0.2,12.5
398,0.2,11.5
399,0.2,12.0
400,0.2,12.5
401,0.2,12.5
402,0.2,12.5
403,0.2,10.5
404,0.2,11.0
405,0.2,12.0
406,0.2,9.5
407,0.2,11.5
408,0.2,12.0
409,0.2,9.5
410,0.2,11.0
411,0.2,11.0
412,0.2,5.5
413,0.2,12.5
414,0.2,12.0
415,0.2,11.5
416,0.2,12.5
417,0.2,12.5
418,0.2,12.0
419,0.2,12.5
420,0.2,11.0
421,0.2,10.5
422,0.2,12.5
423,0.2,12.5
424,0.2,9.0
425,0.2,12.5
426,0.2,9.5
427,0.2,12.0
428,0.2,12.5
429,0.2,12.5
430,0.2,10.0
431,0.2,9.5
432,0.2,12.0
433,0.2,11.5
434,0.2,10.0
435,0.2,12.0
436,0.2,12.5
437,0.2,12.5
438,0.2,11.5
439,0.2,11.0
440,0.2,12.5
441,0.2,9.5
442,0.2,11.5
443,0.2,13.0
444,0.2,10.5
445,0.2,12.5
446,0.2,12.5
447,0.2,11.5
448,0.2,11.5
449,0.2,13.0
450,0.2,12.5
451,0.2,12.5
452,0.2,11.0
453,0.2,11.0
454,0.2,12.0
455,0.2,11.5
456,0.2,12.5
457,0.2,12.0
458,0.2,10.0
459,0.2,11.5
460,0.2,12.5
461,0.2,12.5
462,0.2,12.5
463,0.2,11.5
464,0.2,12.5
465,0.2,12.0
466,0.2,11.0
467,0.2,12.0
468,0.2,10.0
469,0.2,12.5
470,0.2,12.5
471,0.2,9.0
472,0.2,11.0
473,0.2,12.5
474,0.2,12.0
475,0.2,9.0
476,0.2,7.5
477,0.2,12.0
478,0.2,11.5
479,0.2,10.5
480,0.2,11.0
481,0.2,10.5
482,0.2,12.5
483,0.2,12.5
484,0.2,12.0
485,0.2,9.0
486,0.2,12.0
487,0.2,11.5
488,0.2,10.5
489,0.2,8.5
490,0.2,12.0
491,0.2,11.5
492,0.2,13.0
493,0.2,12.5
494,0.2,11.0
495,0.2,12.5
496,0.2,11.0
497,0.2,12.5
498,0.2,12.5
499,0.2,12.0
0,0.3,12.5
1,0.3,12.5
2,0.3,11.5
3,0.3,12.0
4,0.3,12.5
5,0.3,13.0
6,0.3,12.5
7,0.3,10.0
8,0.3,9.0
9,0.3,9.5
10,0.3,12.5
11,0.3,12.5
12,0.3,12.0
13,0.3,9.0
14,0.3,10.5
15,0.3,7.5
16,0.3,9.5
17,0.3,12.5
18,0.3,12.5
19,0.3,12.0
20,0.3,9.0
21,0.3,10.5
22,0.3,12.0
23,0.3,12.5
24,0.3,12.5
25,0.3,11.5
26,0.3,11.0
27,0.3,12.5
28,0.3,12.5
29,0.3,9.5
30,0.3,12.5
31,0.3,9.5
32,0.3,12.5
33,0.3,11.0
34,0.3,12.5
35,0.3,13.0
36,0.3,10.0
37,0.3,12.5
38,0.3,12.5
39,0.3,12.0
40,0.3,10.0
41,0.3,8.0
42,0.3,12.5
43,0.3,12.5
44,0.3,11.5
45,0.3,12.0
46,0.3,12.5
47,0.3,12.0
48,0.3,9.5
49,0.3,12.5
50,0.3,12.5
51,0.3,11.5
52,0.3,10.0
53,0.3,12.0
54,0.3,13.0
55,0.3,6.5
56,0.3,12.0
57,0.3,13.0
58,0.3,11.5
59,0.3,11.0
60,0.3,8.0
61,0.3,12.0
62,0.3,12.5
63,0.3,10.0
64,0.3,11.0
65,0.3,12.0
66,0.3,12.5
67,0.3,11.5
68,0.3,12.5
69,0.3,12.5
70,0.3,9.5
71,0.3,12.0
72,0.3,10.5
73,0.3,12.0
74,0.3,11.5
75,0.3,11.0
76,0.3,12.5
77,0.3,10.0
78,0.3,12.5
79,0.3,12.0
80,0.3,12.5
81,0.3,9.0
82,0.3,12.0
83,0.3,12.0
84,0.3,13.0
85,0.3,13.0
86,0.3,9.0
87,0.3,9.5
88,0.3,12.0
89,0.3,10.5
90,0.3,11.5
91,0.3,12.5
92,0.3,11.0
93,0.3,10.0
94,0.3,12.5
95,0.3,8.0
96,0.3,11.5
97,0.3,12.5
98,0.3,12.5
99,0.3,11.5
100,0.3,10.0
101,0.3,12.5
102,0.3,9.5
103,0.3,11.0
104,0.3,13.0
105,0.3,12.5
106,0.3,12.5
107,0.3,12.5
108,0.3,11.5
109,0.3,12.5
110,0.3,12.5
111,0.3,13.0
112,0.3,10.0
113,0.3,9.0
114,0.3,11.5
115,0.3,12.5
116,0.3,11.5
117,0.3,12.5
118,0.3,12.5
119,0.3,12.0
120,0.3,12.5
121,0.3,12.0
122,0.3,12.5
123,0.3,12.5
124,0.3,11.0
125,0.3,12.5
126,0.3,12.5
127,0.3,12.0
128,0.3,12.5
129,0.3,12.0
130,0.3,12.0
131,0.3,10.5
132,0.3,11.0
133,0.3,11.0
134,0.3,12.5
135,0.3,11.5
136,0.3,12.5
137,0.3,12.5
138,0.3,9.0
139,0.3,12.5
140,0.3,11.0
141,0.3,12.5
142,0.3,12.5
143,0.3,8.0
144,0.3,12.5
145,0.3,12.0
146,0.3,12.5
147,0.3,12.5
148,0.3,12.0
149,0.3,12.5
150,0.3,10.0
151,0.3,12.5
152,0.3,12.5
153,0.3,10.5
154,0.3,11.5
155,0.3,12.0
156,0.3,12.5
157,0.3,11.5
158,0.3,11.0
159,0.3,12.5
160,0.3,12.0
161,0.3,13.0
162,0.3,11.0
163,0.3,12.0
164,0.3,12.5
165,0.3,11.5
166,0.3,12.5
167,0.3,12.5
168,0.3,12.5
169,0.3,12.5
170,0.3,12.5
171,0.3,11.5
172,0.3,11.5
173,0.3,10.5
174,0.3,12.5
175,0.3,12.5
176,0.3,9.5
177,0.3,12.0
178,0.3,12.5
179,0.3,11.5
180,0.3,12.5
181,0.3,9.0
182,0.3,13.0
183,0.3,12.5
184,0.3,12.5
185,0.3,10.5
186,0.3,12.5
187,0.3,12.5
188,0.3,12.5
189,0.3,10.5
190,0.3,12.5
191,0.3,12.5
192,0.3,12.5
193,0.3,13.0
194,0.3,12.0
195,0.3,12.5
196,0.3,12.5
197,0.3,12.0
198,0.3,12.5
199,0.3,12.5
200,0.3,12.0
201,0.3,12.5
202,0.3,13.0
203,0.3,12.5
204,0.3,12.5
205,0.3,12.0
206,0.3,13.0
207,0.3,12.5
208,0.3,10.0
209,0.3,8.5
210,0.3,9.0
211,0.3,12.5
212,0.3,12.0
213,0.3,12.5
214,0.3,12.0
215,0.3,12.0
216,0.3,12.5
217,0.3,12.5
218,0.3,12.0
219,0.3,10.0
220,0.3,10.5
221,0.3,12.5
222,0.3,12.5
223,0.3,12.5
224,0.3,11.0
225,0.3,7.5
226,0.3,12.5
227,0.3,12.5
228,0.3,12.5
229,0.3,8.5
230,0.3,11.0
231,0.3,12.5
232,0.3,12.5
233,0.3,12.5
234,0.3,9.5
235,0.3,11.0
236,0.3,10.5
237,0.3,12.5
238,0.3,10.5
239,0.3,11.0
240,0.3,8.5
241,0.3,11.5
242,0.3,5.5
243,0.3,12.0
244,0.3,12.5
245,0.3,12.5
246,0.3,10.0
247,0.3,12.5
248,0.3,12.5
249,0.3,12.5
250,0.3,13.0
251,0.3,12.5
252,0.3,12.5
253,0.3,11.5
254,0.3,9.0
255,0.3,12.5
256,0.3,12.5
257,0.3,12.0
258,0.3,12.5
259,0.3,12.5
260,0.3,12.0
261,0.3,11.0
262,0.3,12.5
263,0.3,7.0
264,0.3,12.5
265,0.3,12.5
266,0.3,12.5
267,0.3,12.0
268,0.3,13.0
269,0.3,12.5
270,0.3,12.0
271,0.3,12.5
272,0.3,12.5
273,0.3,11.5
274,0.3,11.0
275,0.3,12.5
276,0.3,10.0
277,0.3,12.0
278,0.3,12.5
279,0.3,12.0
280,0.3,13.0
281,0.3,10.0
282,0.3,12.5
283,0.3,9.0
284,0.3,12.5
285,0.3,9.0
286,0.3,12.5
287,0.3,12.5
288,0.3,12.5
289,0.3,12.5
290,0.3,9.5
291,0.3,11.5
292,0.3,11.5
293,0.3,12.5
294,0.3,12.5
295,0.3,9.0
296,0.3,12.0
297,0.3,12.0
298,0.3,12.5
299,0.3,13.0
300,0.3,12.5
301,0.3,12.0
302,0.3,12.5
303,0.3,12.5
304,0.3,11.5
305,0.3,12.5
306,0.3,10.5
307,0.3,12.5
308,0.3,12.5
309,0.3,12.5
310,0.3,12.5
311,0.3,13.0
312,0.3,12.0
313,0.3,10.5
314,0.3,12.5
315,0.3,12.5
316,0.3,12.5
317,0.3,13.0
318,0.3,12.5
319,0.3,11.5
320,0.3,12.5
321,0.3,7.5
322,0.3,12.5
323,0.3,10.0
324,0.3,12.5
325,0.3,7.0
326,0.3,11.5
327,0.3,12.0
328,0.3,12.5
329,0.3,10.5
330,0.3,12.5
331,0.3,7.5
332,0.3,12.5
333,0.3,12.0
334,0.3,11.5
335,0.3,11.5
336,0.3,12.0
337,0.3,9.5
338,0.3,7.5
339,0.3,9.5
340,0.3,11.0
341,0.3,12.5
342,0.3,12.5
343,0.3,12.5
344,0.3,12.5
345,0.3,12.5
346,0.3,12.5
347,0.3,12.5
348,0.3,12.0
349,0.3,12.0
350,0.3,13.0
351,0.3,12.5
352,0.3,9.5
353,0.3,10.5
354,0.3,12.5
355,0.3,10.0
356,0.3,12.0
357,0.3,12.5
358,0.3,7.5
359,0.3,12.5
360,0.3,10.5
361,0.3,12.5
362,0.3,12.5
363,0.3,12.5
364,0.3,12.5
365,0.3,12.5
366,0.3,11.5
367,0.3,12.5
368,0.3,9.5
369,0.3,12.0
370,0.3,12.5
371,0.3,12.5
372,0.3,12.5
373,0.3,12.5
374,0.3,12.5
375,0.3,12.5
376,0.3,12.5
377,0.3,12.5
378,0.3,12.5
379,0.3,12.5
380,0.3,10.0
381,0.3,9.0
382,0.3,12.5
383,0.3,12.5
384,0.3,6.0
385,0.3,12.5
386,0.3,9.0
387,0.3,12.5
388,0.3,9.5
389,0.3,13.0
390,0.3,12.5
391,0.3,10.5
392,0.3,11.5
393,0.3,12.5
394,0.3,12.0
395,0.3,12.5
396,0.3,10.0
397,0.3,11.5
398,0.3,11.5
399,0.3,12.5
400,0.3,12.0
401,0.3,13.0
402,0.3,13.0
403,0.3,12.5
404,0.3,12.5
405,0.3,11.0
406,0.3,12.5
407,0.3,11.5
408,0.3,11.5
409,0.3,12.5
410,0.3,12.0
411,0.3,13.0
412,0.3,12.5
413,0.3,12.5
414,0.3,12.0
415,0.3,9.5
416,0.3,10.5
417,0.3,11.5
418,0.3,12.0
419,0.3,13.0
420,0.3,12.5
421,0.3,11.0
422,0.3,12.0
423,0.3,12.5
424,0.3,12.5
425,0.3,12.5
426,0.3,10.0
427,0.3,7.5
428,0.3,11.5
429,0.3,12.5
430,0.3,12.0
431,0.3,12.5
432,0.3,9.0
433,0.3,12.5
434,0.3,12.0
435,0.3,12.5
436,0.3,11.0
437,0.3,12.0
438,0.3,10.5
439,0.3,12.0
440,0.3,12.5
441,0.3,12.0
442,0.3,12.0
443,0.3,12.5
444,0.3,12.5
445,0.3,12.5
446,0.3,13.0
447,0.3,11.5
448,0.3,12.5
449,0.3,11.0
450,0.3,13.0
451,0.3,11.0
452,0.3,12.5
453,0.3,12.5
454,0.3,10.5
455,0.3,12.5
456,0.3,9.5
457,0.3,11.5
458,0.3,9.0
459,0.3,13.0
460,0.3,12.5
461,0.3,12.5
462,0.3,12.5
463,0.3,9.0
464,0.3,7.0
465,0.3,12.5
466,0.3,12.5
467,0.3,12.0
468,0.3,13.0
469,0.3,10.5
470,0.3,12.0
471,0.3,10.5
472,0.3,12.5
473,0.3,12.5
474,0.3,12.5
475,0.3,12.5
476,0.3,12.5
477,0.3,11.5
478,0.3,12.5
479,0.3,12.5
480,0.3,12.5
481,0.3,10.0
482,0.3,12.0
483,0.3,7.0
484,0.3,12.5
485,0.3,11.5
486,0.3,8.5
487,0.3,12.0
488,0.3,9.5
489,0.3,12.5
490,0.3,11.5
491,0.3,10.0
492,0.3,12.5
493,0.3,7.5
494,0.3,12.5
495,0.3,13.0
496,0.3,10.5
497,0.3,12.5
498,0.3,12.5
499,0.3,11.0
0,0.4,11.5
1,0.4,12.0
2,0.4,9.5
3,0.4,12.5
4,0.4,12.5
5,0.4,13.0
6,0.4,11.5
7,0.4,12.5
8,0.4,11.5
9,0.4,12.5
10,0.4,12.0
11,0.4,10.5
12,0.4,12.5
13,0.4,12.0
14,0.4,11.0
15,0.4,12.5
16,0.4,12.5
17,0.4,11.0
18,0.4,10.5
19,0.4,12.5
20,0.4,11.0
21,0.4,12.5
22,0.4,12.5
23,0.4,13.0
24,0.4,12.0
25,0.4,12.5
26,0.4,12.0
27,0.4,12.5
28,0.4,12.5
29,0.4,12.5
30,0.4,12.5
31,0.4,11.0
32,0.4,12.5
33,0.4,12.0
34,0.4,12.5
35,0.4,12.0
36,0.4,12.5
37,0.4,9.0
38,0.4,13.0
39,0.4,12.5
40,0.4,7.0
41,0.4,12.0
42,0.4,12.5
43,0.4,12.0
44,0.4,13.0
45,0.4,12.5
46,0.4,12.5
47,0.4,12.5
48,0.4,12.5
49,0.4,12.5
50,0.4,12.5
51,0.4,12.0
52,0.4,13.0
53,0.4,12.5
54,0.4,11.5
55,0.4,12.0
56,0.4,12.5
57,0.4,10.5
58,0.4,12.0
59,0.4,12.5
60,0.4,12.5
61,0.4,12.5
62,0.4,12.5
63,0.4,12.5
64,0.4,10.0
65,0.4,5.5
66,0.4,10.5
67,0.4,12.5
68,0.4,7.5
69,0.4,10.5
70,0.4,11.0
71,0.4,12.0
72,0.4,13.0
73,0.4,12.0
74,0.4,12.0
75,0.4,12.5
76,0.4,11.0
77,0.4,10.5
78,0.4,12.0
79,0.4,10.5
80,0.4,13.0
81,0.4,11.0
82,0.4,11.0
83,0.4,12.5
84,0.4,12.0
85,0.4,10.0
86,0.4,7.0
87,0.4,13.0
88,0.4,9.0
89,0.4,11.0
90,0.4,12.0
91,0.4,10.5
92,0.4,9.5
93,0.4,12.5
94,0.4,12.0
95,0.4,12.5
96,0.4,12.5
97,0.4,12.5
98,0.4,12.5
99,0.4,12.5
100,0.4,13.0
101,0.4,12.5
102,0.4,12.5
103,0.4,12.0
104,0.4,12.5
105,0.4,12.5
106,0.4,13.0
107,0.4,11.5
108,0.4,12.5
109,0.4,11.0
110,0.4,12.5
111,0.4,11.5
112,0.4,12.5
113,0.4,10.0
114,0.4,12.5
115,0.4,12.5
116,0.4,12.5
117,0.4,12.5
118,0.4,9.5
119,0.4,11.5
120,0.4,12.0
121,0.4,10.0
122,0.4,11.5
123,0.4,12.0
124,0.4,10.5
125,0.4,12.5
126,0.4,11.5
127,0.4,12.5
128,0.4,10.5
129,0.4,12.5
130,0.4,10.0
131,0.4,12.0
132,0.4,11.5
133,0.4,13.0
134,0.4,12.5
135,0.4,12.5
136,0.4,8.0
137,0.4,12.5
138,0.4,12.0
139,0.4,12.5
140,0.4,9.5
141,0.4,13.0
142,0.4,12.5
143,0.4,12.0
144,0.4,11.5
145,0.4,12.5
146,0.4,12.5
147,0.4,12.0
148,0.4,12.5
149,0.4,12.0
150,0.4,11.0
151,0.4,12.5
152,0.4,12.0
153,0.4,11.5
154,0.4,12.5
155,0.4,13.0
156,0.4,12.5
157,0.4,13.0
158,0.4,13.0
159,0.4,12.5
160,0.4,12.5
161,0.4,7.0
162,0.4,11.5
163,0.4,12.5
164,0.4,12.5
165,0.4,12.5
166,0.4,12.0
167,0.4,12.0
168,0.4,12.5
169,0.4,12.5
170,0.4,12.5
171,0.4,12.5
172,0.4,12.5
173,0.4,12.5
174,0.4,10.0
175,0.4,12.5
176,0.4,11.5
177,0.4,12.5
178,0.4,12.5
179,0.4,12.5
180,0.4,12.5
181,0.4,12.5
182,0.4,13.0
183,0.4,12.0
184,0.4,12.5
185,0.4,12.5
186,0.4,12.5
187,0.4,12.5
188,0.4,11.5
189,0.4,12.0
190,0.4,12.0
191,0.4,12.5
192,0.4,12.5
193,0.4,12.0
194,0.4,12.5
195,0.4,12.5
196,0.4,12.5
197,0.4,12.0
198,0.4,11.5
199,0.4,13.0
200,0.4,12.5
201,0.4,11.5
202,0.4,7.0
203,0.4,10.5
204,0.4,13.0
205,0.4,12.5
206,0.4,12.5
207,0.4,13.0
208,0.4,12.5
209,0.4,12.0
210,0.4,11.0
211,0.4,12.5
212,0.4,12.5
213,0.4,12.5
214,0.4,12.5
215,0.4,12.5
216,0.4,7.5
217,0.4,12.5
218,0.4,12.0
219,0.4,12.5
220,0.4,12.5
221,0.4,12.0
222,0.4,11.0
223,0.4,10.5
224,0.4,12.0
225,0.4,10.5
226,0.4,12.0
227,0.4,12.0
228,0.4,12.5
229,0.4,10.5
230,0.4,13.0
231,0.4,12.0
232,0.4,10.0
233,0.4,8.5
234,0.4,12.5
235,0.4,12.0
236,0.4,11.0
237,0.4,12.5
238,0.4,13.0
239,0.4,12.0
240,0.4,8.0
241,0.4,11.5
242,0.4,12.5
243,0.4,12.0
244,0.4,11.5
245,0.4,12.5
246,0.4,12.5
247,0.4,12.5
248,0.4,11.5
249,0.4,12.5
250,0.4,12.5
251,0.4,10.0
252,0.4,12.5
253,0.4,11.5
254,0.4,12.5
255,0.4,13.0
256,0.4,12.5
257,0.4,12.5
258,0.4,8.5
259,0.4,12.5
260,0.4,12.5
261,0.4,11.5
262,0.4,13.0
263,0.4,11.0
264,0.4,13.0
265,0.4,11.5
266,0.4,12.5
267,0.4,12.5
268,0.4,12.0
269,0.4,12.5
270,0.4,12.5
271,0.4,11.0
272,0.4,10.5
273,0.4,12.0
274,0.4,12.5
275,0.4,13.0
276,0.4,11.5
277,0.4,12.0
278,0.4,10.0
279,0.4,11.0
280,0.4,12.5
281,0.4,12.5
282,0.4,12.5
283,0.4,13.0
284,0.4,12.5
285,0.4,12.5
286,0.4,12.5
287,0.4,12.0
288,0.4,12.5
289,0.4,8.0
290,0.4,12.5
291,0.4,11.0
292,0.4,10.5
293,0.4,12.5
294,0.4,12.5
295,0.4,8.0
296,0.4,12.5
297,0.4,12.5
298,0.4,12.0
299,0.4,11.5
300,0.4,12.5
301,0.4,13.0
302,0.4,11.0
303,0.4,11.5
304,0.4,12.0
305,0.4,12.5
306,0.4,10.5
307,0.4,12.5
308,0.4,12.0
309,0.4,13.0
310,0.4,12.5
311,0.4,12.5
312,0.4,12.5
313,0.4,12.5
314,0.4,10.5
315,0.4,12.5
316,0.4,12.5
317,0.4,13.0
318,0.4,11.0
319,0.4,12.5
320,0.4,12.0
321,0.4,12.5
322,0.4,12.5
323,0.4,12.0
324,0.4,7.0
325,0.4,12.5
326,0.4,12.5
327,0.4,12.5
328,0.4,11.0
329,0.4,12.5
330,0.4,10.5
331,0.4,12.5
332,0.4,9.0
333,0.4,12.5
334,0.4,10.0
335,0.4,11.5
336,0.4,12.5
337,0.4,12.5
338,0.4,10.0
339,0.4,11.5
340,0.4,12.0
341,0.4,11.0
342,0.4,12.0
343,0.4,11.5
344,0.4,12.5
345,0.4,12.0
346,0.4,13.0
347,0.4,12.5
348,0.4,12.5
349,0.4,12.0
350,0.4,10.5
351,0.4,11.0
352,0.4,12.0
353,0.4,10.0
354,0.4,13.0
355,0.4,9.5
356,0.4,9.0
357,0.4,10.0
358,0.4,13.0
359,0.4,9.5
360,0.4,11.0
361,0.4,12.5
362,0.4,12.5
363,0.4,12.0
364,0.4,9.5
365,0.4,12.5
366,0.4,8.0
367,0.4,11.0
368,0.4,12.0
369,0.4,10.5
370,0.4,10.5
371,0.4,11.0
372,0.4,11.0
373,0.4,12.5
374,0.4,10.5
375,0.4,9.5
376,0.4,12.5
377,0.4,12.0
378,0.4,10.5
379,0.4,10.0
380,0.4,13.0
381,0.4,11.5
382,0.4,12.5
383,0.4,9.0
384,0.4,12.5
385,0.4,13.0
386,0.4,12.5
387,0.4,11.5
388,0.4,10.5
389,0.4,12.5
390,0.4,11.5
391,0.4,12.0
392,0.4,12.5
393,0.4,12.5
394,0.4,11.0
395,0.4,10.0
396,0.4,13.0
397,0.4,13.0
398,0.4,12.5
399,0.4,12.5
400,0.4,12.0
401,0.4,12.5
402,0.4,12.0
403,0.4,12.0
404,0.4,12.5
405,0.4,12.0
406,0.4,12.0
407,0.4,12.5
408,0.4,12.5
409,0.4,10.5
410,0.4,12.5
411,0.4,7.5
412,0.4,10.5
413,0.4,12.5
414,0.4,12.5
415,0.4,11.0
416,0.4,12.5
417,0.4,12.5
418,0.4,10.5
419,0.4,12.5
420,0.4,12.5
421,0.4,12.5
422,0.4,12.5
423,0.4,12.5
424,0.4,12.5
425,0.4,12.5
426,0.4,12.5
427,0.4,13.0
428,0.4,12.5
429,0.4,12.5
430,0.4,12.5
431,0.4,12.5
432,0.4,12.0
433,0.4,11.5
434,0.4,13.0
435,0.4,11.5
436,0.4,11.0
437,0.4,12.0
438,0.4,12.5
439,0.4,12.5
440,0.4,12.0
441,0.4,12.5
442,0.4,12.0
443,0.4,12.0
444,0.4,12.5
445,0.4,10.5
446,0.4,11.5
447,0.4,12.5
448,0.4,12.5
449,0.4,9.0
450,0.4,13.0
451,0.4,8.5
452,0.4,12.5
453,0.4,12.5
454,0.4,12.5
455,0.4,12.0
456,0.4,13.0
457,0.4,13.0
458,0.4,10.5
459,0.4,12.0
460,0.4,10.0
461,0.4,8.0
462,0.4,10.5
463,0.4,11.5
464,0.4,11.0
465,0.4,12.5
466,0.4,10.5
467,0.4,12.5
468,0.4,12.5
469,0.4,11.0
470,0.4,12.5
471,0.4,10.5
472,0.4,10.0
473,0.4,12.5
474,0.4,12.5
475,0.4,12.0
476,0.4,10.5
477,0.4,12.5
478,0.4,9.5
479,0.4,12.0
480,0.4,12.5
481,0.4,12.5
482,0.4,12.5
483,0.4,12.5
484,0.4,7.0
485,0.4,9.0
486,0.4,12.5
487,0.4,11.5
488,0.4,11.5
489,0.4,12.5
490,0.4,10.0
491,0.4,11.5
492,0.4,12.5
493,0.4,12.0
494,0.4,13.0
495,0.4,11.5
496,0.4,12.5
497,0.4,12.5
498,0.4,12.5
499,0.4,10.0
0,0.5,12.5
1,0.5,13.0
2,0.5,10.5
3,0.5,12.0
4,0.5,12.5
5,0.5,9.5
6,0.5,12.5
7,0.5,12.5
8,0.5,10.0
9,0.5,11.0
10,0.5,9.0
11,0.5,12.5
12,0.5,9.0
13,0.5,12.5
14,0.5,8.5
15,0.5,11.0
16,0.5,10.0
17,0.5,12.0
18,0.5,12.5
19,0.5,12.5
20,0.5,11.0
21,0.5,12.0
22,0.5,11.5
23,0.5,12.5
24,0.5,11.0
25,0.5,11.5
26,0.5,12.5
27,0.5,12.0
28,0.5,12.5
29,0.5,11.5
30,0.5,12.5
31,0.5,12.5
32,0.5,12.5
33,0.5,11.0
34,0.5,10.5
35,0.5,12.5
36,0.5,12.5
37,0.5,10.5
38,0.5,12.5
39,0.5,10.5
40,0.5,12.5
41,0.5,12.0
42,0.5,12.5
43,0.5,12.5
44,0.5,12.5
45,0.5,11.0
46,0.5,11.5
47,0.5,13.0
48,0.5,12.5
49,0.5,12.5
50,0.5,12.5
51,0.5,12.5
52,0.5,12.5
53,0.5,9.5
54,0.5,11.0
55,0.5,12.5
56,0.5,6.0
57,0.5,12.5
58,0.5,11.0
59,0.5,11.0
60,0.5,7.5
61,0.5,12.5
62,0.5,12.0
63,0.5,11.5
64,0.5,11.5
65,0.5,9.5
66,0.5,11.5
67,0.5,8.0
68,0.5,12.0
69,0.5,11.5
70,0.5,12.5
71,0.5,12.0
72,0.5,11.0
73,0.5,12.5
74,0.5,12.5
75,0.5,12.5
76,0.5,11.0
77,0.5,12.5
78,0.5,9.0
79,0.5,12.0
80,0.5,12.0
81,0.5,12.0
82,0.5,12.5
83,0.5,8.5
84,0.5,13.0
85,0.5,12.5
86,0.5,12.5
87,0.5,12.5
88,0.5,12.0
89,0.5,12.0
90,0.5,12.5
91,0.5,12.5
92,0.5,9.5
93,0.5,12.0
94,0.5,12.5
95,0.5,11.0
96,0.5,13.0
97,0.5,12.5
98,0.5,12.5
99,0.5,11.0
100,0.5,13.0
101,0.5,13.0
102,0.5,12.0
103,0.5,12.5
104,0.5,12.5
105,0.5,12.0
106,0.5,12.0
107,0.5,13.0
108,0.5,13.0
109,0.5,12.5
110,0.5,12.0
111,0.5,12.5
112,0.5,12.0
113,0.5,12.5
114,0.5,12.0
115,0.5,10.0
116,0.5,12.5
117,0.5,12.5
118,0.5,12.5
119,0.5,12.5
120,0.5,10.5
121,0.5,12.0
122,0.5,11.5
123,0.5,10.0
124,0.5,12.0
125,0.5,12.5
126,0.5,12.0
127,0.5,12.5
128,0.5,12.5
129,0.5,12.5
130,0.5,12.5
131,0.5,12.0
132,0.5,13.0
133,0.5,13.0
134,0.5,13.0
135,0.5,11.0
136,0.5,10.5
137,0.5,12.5
138,0.5,10.5
139,0.5,12.0
140,0.5,11.5
141,0.5,11.5
142,0.5,10.0
143,0.5,12.5
144,0.5,13.0
145,0.5,13.0
146,0.5,12.5
147,0.5,10.5
148,0.5,12.5
149,0.5,12.5
150,0.5,12.5
151,0.5,12.0
152,0.5,12.0
153,0.5,12.5
154,0.5,12.5
155,0.5,12.5
156,0.5,12.5
157,0.5,12.0
158,0.5,12.5
159,0.5,12.5
160,0.5,12.5
161,0.5,10.0
162,0.5,12.0
163,0.5,12.5
164,0.5,12.5
165,0.5,12.5
166,0.5,12.5
167,0.5,12.5
168,0.5,12.5
169,0.5,11.0
170,0.5,12.5
171,0.5,12.5
172,0.5,12.5
173,0.5,11.5
174,0.5,12.5
175,0.5,11.5
176,0.5,11.5
177,0.5,12.5
178,0.5,12.5
179,0.5,11.0
180,0.5,12.5
181,0.5,12.5
182,0.5,11.5
183,0.5,13.0
184,0.5,12.5
185,0.5,12.5
186,0.5,11.5
187,0.5,12.5
188,0.5,12.5
189,0.5,13.0
190,0.5,12.0
191,0.5,12.0
192,0.5,11.5
193,0.5,12.5
194,0.5,12.0
195,0.5,12.5
196,0.5,12.5
197,0.5,12.5
198,0.5,12.5
199,0.5,11.5
200,0.5,12.5
201,0.5,12.5
202,0.5,12.5
203,0.5,12.5
204,0.5,9.5
205,0.5,13.0
206,0.5,13.0
207,0.5,12.5
208,0.5,13.0
209,0.5,11.0
210,0.5,13.0
211,0.5,11.0
212,0.5,11.5
213,0.5,12.0
214,0.5,12.5
215,0.5,8.0
216,0.5,12.5
217,0.5,12.5
218,0.5,12.5
219,0.5,13.0
220,0.5,12.5
221,0.5,12.5
222,0.5,12.5
223,0.5,11.5
224,0.5,8.5
225,0.5,13.0
226,0.5,12.0
227,0.5,12.5
228,0.5,12.0
229,0.5,12.5
230,0.5,12.5
231,0.5,12.5
232,0.5,13.0
233,0.5,10.5
234,0.5,10.5
235,0.5,12.5
236,0.5,11.5
237,0.5,12.5
238,0.5,12.5
239,0.5,12.5
240,0.5,8.0
241,0.5,10.5
242,0.5,12.5
243,0.5,10.0
244,0.5,12.5
245,0.5,12.5
246,0.5,12.5
247,0.5,12.5
248,0.5,12.0
249,0.5,12.0
250,0.5,7.5
251,0.5,13.0
252,0.5,12.5
253,0.5,11.5
254,0.5,10.0
255,0.5,13.0
256,0.5,12.0
257,0.5,5.5
258,0.5,12.5
259,0.5,12.5
260,0.5,9.5
261,0.5,12.5
262,0.5,13.0
263,0.5,12.5
264,0.5,12.5
265,0.5,12.5
266,0.5,12.5
267,0.5,12.0
268,0.5,13.0
269,0.5,12.5
270,0.5,9.0
271,0.5,12.5
272,0.5,12.5
273,0.5,12.5
274,0.5,13.0
275,0.5,12.5
276,0.5,11.5
277,0.5,12.0
278,0.5,7.5
279,0.5,9.5
280,0.5,9.5
281,0.5,12.5
282,0.5,12.5
283,0.5,12.5
284,0.5,12.0
285,0.5,12.5
286,0.5,12.5
287,0.5,12.5
288,0.5,12.0
289,0.5,13.0
290,0.5,11.5
291,0.5,12.5
292,0.5,12.5
293,0.5,12.5
294,0.5,12.5
295,0.5,12.5
296,0.5,12.5
297,0.5,11.5
298,0.5,12.0
299,0.5,13.0
300,0.5,12.5
301,0.5,12.5
302,0.5,12.5
303,0.5,5.5
304,0.5,9.0
305,0.5,12.5
306,0.5,11.5
307,0.5,12.5
308,0.5,12.5
309,0.5,12.5
310,0.5,11.5
311,0.5,13.0
312,0.5,12.5
313,0.5,12.5
314,0.5,12.5
315,0.5,12.5
316,0.5,10.5
317,0.5,13.0
318,0.5,12.5
319,0.5,12.5
320,0.5,12.5
321,0.5,12.5
322,0.5,12.5
323,0.5,12.5
324,0.5,12.0
325,0.5,12.5
326,0.5,12.5
327,0.5,8.0
328,0.5,11.0
329,0.5,12.5
330,0.5,12.0
331,0.5,12.5
332,0.5,11.5
333,0.5,11.0
334,0.5,12.5
335,0.5,12.0
336,0.5,13.0
337,0.5,12.5
338,0.5,10.5
339,0.5,11.0
340,0.5,11.5
341,0.5,12.5
342,0.5,11.5
343,0.5,12.5
344,0.5,10.5
345,0.5,12.5
346,0.5,11.0
347,0.5,12.5
348,0.5,11.5
349,0.5,10.5
350,0.5,12.5
351,0.5,9.0
352,0.5,13.0
353,0.5,13.0
354,0.5,11.5
355,0.5,10.5
356,0.5,12.5
357,0.5,12.5
358,0.5,13.0
359,0.5,12.0
360,0.5,11.5
361,0.5,7.5
362,0.5,12.5
363,0.5,12.5
364,0.5,12.5
365,0.5,12.5
366,0.5,11.0
367,0.5,12.5
368,0.5,12.5
369,0.5,11.0
370,0.5,11.0
371,0.5,9.5
372,0.5,13.0
373,0.5,12.5
374,0.5,12.0
375,0.5,12.5
376,0.5,9.5
377,0.5,11.5
378,0.5,11.0
379,0.5,12.5
380,0.5,10.5
381,0.5,12.0
382,0.5,12.0
383,0.5,10.5
384,0.5,9.5
385,0.5,13.0
386,0.5,12.5
387,0.5,10.0
388,0.5,11.5
389,0.5,9.5
390,0.5,10.5
391,0.5,13.0
392,0.5,8.5
393,0.5,12.0
394,0.5,12.5
395,0.5,12.5
396,0.5,12.5
397,0.5,12.5
398,0.5,11.0
399,0.5,9.0
400,0.5,6.5
401,0.5,12.0
402,0.5,12.0
403,0.5,12.0
404,0.5,8.5
405,0.5,12.0
406,0.5,12.5
407,0.5,12.5
408,0.5,12.5
409,0.5,10.0
410,0.5,11.5
411,0.5,12.0
412,0.5,12.5
413,0.5,12.0
414,0.5,10.0
415,0.5,13.0
416,0.5,12.5
417,0.5,10.5
418,0.5,13.0
419,0.5,13.0
420,0.5,13.0
421,0.5,11.0
422,0.5,12.5
423,0.5,12.0
424,0.5,12.5
425,0.5,12.5
426,0.5,12.5
427,0.5,12.5
428,0.5,12.5
429,0.5,11.5
430,0.5,11.5
431,0.5,11.0
432,0.5,10.5
433,0.5,12.5
434,0.5,11.5
435,0.5,12.5
436,0.5,13.0
437,0.5,12.5
438,0.5,12.5
439,0.5,12.5
440,0.5,12.5
441,0.5,13.0
442,0.5,12.5
443,0.5,12.5
444,0.5,10.5
445,0.5,12.0
446,0.5,13.0
447,0.5,12.5
448,0.5,11.5
449,0.5,12.5
450,0.5,12.0
451,0.5,12.5
452,0.5,11.5
453,0.5,12.5
454,0.5,11.5
455,0.5,12.0
456,0.5,10.5
457,0.5,10.5
458,0.5,10.0
459,0.5,12.0
460,0.5,12.0
461,0.5,12.5
462,0.5,12.5
463,0.5,12.5
464,0.5,13.0
465,0.5,12.5
466,0.5,11.0
467,0.5,13.0
468,0.5,13.0
469,0.5,13.0
470,0.5,12.0
471,0.5,12.0
472,0.5,12.5
473,0.5,11.5
474,0.5,12.5
475,0.5,12.5
476,0.5,12.5
477,0.5,12.5
478,0.5,11.0
479,0.5,12.5
480,0.5,11.0
481,0.5,12.5
482,0.5,10.0
483,0.5,12.5
484,0.5,12.5
485,0.5,11.5
486,0.5,10.5
487,0.5,12.5
488,0.5,8.5
489,0.5,12.5
490,0.5,7.5
491,0.5,8.5
492,0.5,12.5
493,0.5,11.5
494,0.5,12.5
495,0.5,12.5
496,0.5,11.5
497,0.5,12.0
498,0.5,13.0
499,0.5,11.0
0,0.6,13.0
1,0.6,12.5
2,0.6,12.5
3,0.6,12.5
4,0.6,12.5
5,0.6,12.5
6,0.6,7.5
7,0.6,11.0
8,0.6,12.5
9,0.6,11.5
10,0.6,12.5
11,0.6,12.0
12,0.6,12.0
13,0.6,12.5
14,0.6,12.5
15,0.6,12.0
16,0.6,13.0
17,0.6,12.5
18,0.6,7.5
19,0.6,12.5
20,0.6,8.0
21,0.6,12.0
22,0.6,12.5
23,0.6,11.5
24,0.6,9.5
25,0.6,11.5
26,0.6,11.5
27,0.6,12.0
28,0.6,12.5
29,0.6,8.5
30,0.6,12.5
31,0.6,6.0
32,0.6,11.5
33,0.6,11.5
34,0.6,12.5
35,0.6,12.5
36,0.6,12.0
37,0.6,12.5
38,0.6,13.0
39,0.6,12.5
40,0.6,8.5
41,0.6,12.0
42,0.6,11.5
43,0.6,11.0
44,0.6,13.0
45,0.6,11.0
46,0.6,12.5
47,0.6,12.5
48,0.6,12.5
49,0.6,11.0
50,0.6,9.5
51,0.6,12.5
52,0.6,11.5
53,0.6,12.5
54,0.6,11.5
55,0.6,12.5
56,0.6,12.0
57,0.6,12.5
58,0.6,6.0
59,0.6,13.0
60,0.6,11.5
61,0.6,12.5
62,0.6,12.0
63,0.6,11.5
64,0.6,8.5
65,0.6,11.5
66,0.6,12.5
67,0.6,12.5
68,0.6,12.5
69,0.6,12.5
70,0.6,12.0
71,0.6,9.0
72,0.6,13.0
73,0.6,12.5
74,0.6,10.5
75,0.6,12.5
76,0.6,12.0
77,0.6,8.5
78,0.6,12.0
79,0.6,12.0
80,0.6,12.5
81,0.6,10.5
82,0.6,10.5
83,0.6,9.0
84,0.6,12.5
85,0.6,11.0
86,0.6,10.0
87,0.6,13.0
88,0.6,12.5
89,0.6,10.0
90,0.6,11.0
91,0.6,12.5
92,0.6,12.0
93,0.6,13.0
94,0.6,9.0
95,0.6,11.0
96,0.6,12.5
97,0.6,10.0
98,0.6,12.0
99,0.6,11.5
100,0.6,13.0
101,0.6,12.5
102,0.6,12.5
103,0.6,12.5
104,0.6,12.5
105,0.6,10.5
106,0.6,12.5
107,0.6,13.0
108,0.6,12.0
109,0.6,11.0
110,0.6,12.0
111,0.6,12.5
112,0.6,13.0
113,0.6,12.5
114,0.6,11.0
115,0.6,12.5
116,0.6,12.5
117,0.6,12.5
118,0.6,12.0
119,0.6,12.0
120,0.6,12.0
121,0.6,12.5
122,0.6,12.5
123,0.6,10.0
124,0.6,12.5
125,0.6,9.5
126,0.6,12.5
127,0.6,12.5
128,0.6,9.5
129,0.6,12.5
130,0.6,12.5
131,0.6,11.0
132,0.6,12.5
133,0.6,11.0
134,0.6,11.0
135,0.6,12.5
136,0.6,9.5
137,0.6,12.5
138,0.6,11.0
139,0.6,11.0
140,0.6,12.5
141,0.6,11.5
142,0.6,12.0
143,0.6,12.5
144,0.6,11.5
145,0.6,11.5
146,0.6,12.0
147,0.6,12.5
148,0.6,12.5
149,0.6,12.5
150,0.6,12.0
151,0.6,12.0
152,0.6,11.5
153,0.6,12.5
154,0.6,12.5
155,0.6,12.0
156,0.6,12.5
157,0.6,11.5
158,0.6,12.5
159,0.6,11.0
160,0.6,10.5
161,0.6,10.0
162,0.6,9.5
163,0.6,12.0
164,0.6,12.5
165,0.6,12.5
166,0.6,11.5
167,0.6,13.0
168,0.6,12.5
169,0.6,12.5
170,0.6,12.5
171,0.6,12.5
172,0.6,12.5
173,0.6,12.5
174,0.6,12.5
175,0.6,10.5
176,0.6,12.5
177,0.6,12.5
178,0.6,12.5
179,0.6,12.0
180,0.6,12.5
181,0.6,12.5
182,0.6,12.0
183,0.6,12.0
184,0.6,12.5
185,0.6,10.5
186,0.6,11.5
187,0.6,12.5
188,0.6,12.5
189,0.6,11.5
190,0.6,9.0
191,0.6,12.0
192,0.6,12.5
193,0.6,12.0
194,0.6,10.5
195,0.6,12.5
196,0.6,12.0
197,0.6,10.5
198,0.6,12.5
199,0.6,12.5
200,0.6,12.5
201,0.6,12.5
202,0.6,11.5
203,0.6,12.5
204,0.6,11.5
205,0.6,13.0
206,0.6,13.0
207,0.6,11.0
208,0.6,10.5
209,0.6,12.0
210,0.6,10.5
211,0.6,9.0
212,0.6,11.5
213,0.6,12.5
214,0.6,12.5
215,0.6,7.5
216,0.6,9.5
217,0.6,11.0
218,0.6,12.5
219,0.6,11.5
220,0.6,11.5
221,0.6,11.0
222,0.6,12.5
223,0.6,11.5
224,0.6,12.5
225,0.6,12.0
226,0.6,12.5
227,0.6,12.5
228,0.6,13.0
229,0.6,12.5
230,0.6,8.0
231,0.6,11.0
232,0.6,12.5
233,0.6,11.5
234,0.6,11.5
235,0.6,9.5
236,0.6,10.0
237,0.6,10.0
238,0.6,12.0
239,0.6,12.5
240,0.6,12.5
241,0.6,8.0
242,0.6,12.0
243,0.6,13.0
244,0.6,10.0
245,0.6,10.0
246,0.6,9.0
247,0.6,5.5
248,0.6,12.5
249,0.6,12.5
250,0.6,12.0
251,0.6,12.5
252,0.6,12.5
253,0.6,12.0
254,0.6,11.5
255,0.6,11.5
256,0.6,11.5
257,0.6,12.5
258,0.6,12.5
259,0.6,12.0
260,0.6,12.0
261,0.6,12.5
262,0.6,12.0
263,0.6,12.5
264,0.6,12.5
265,0.6,12.5
266,0.6,12.0
267,0.6,12.5
268,0.6,11.5
269,0.6,12.5
270,0.6,12.5
271,0.6,12.5
272,0.6,12.5
273,0.6,10.5
274,0.6,11.5
275,0.6,12.5
276,0.6,12.5
277,0.6,12.0
278,0.6,12.5
279,0.6,13.0
280,0.6,12.5
281,0.6,12.5
282,0.6,11.5
283,0.6,10.5
284,0.6,12.5
285,0.6,12.5
286,0.6,10.0
287,0.6,11.5
288,0.6,9.0
289,0.6,10.5
290,0.6,12.0
291,0.6,8.5
292,0.6,9.5
293,0.6,8.5
294,0.6,9.0
295,0.6,7.5
296,0.6,12.5
297,0.6,12.5
298,0.6,12.5
299,0.6,12.5
300,0.6,12.5
301,0.6,10.5
302,0.6,11.5
303,0.6,11.5
304,0.6,11.0
305,0.6,12.5
306,0.6,12.5
307,0.6,12.5
308,0.6,12.0
309,0.6,9.0
310,0.6,12.5
311,0.6,12.5
312,0.6,12.5
313,0.6,12.5
314,0.6,13.0
315,0.6,12.0
316,0.6,12.5
317,0.6,12.5
318,0.6,12.5
319,0.6,12.5
320,0.6,12.0
321,0.6,12.5
322,0.6,12.0
323,0.6,12.5
324,0.6,10.5
325,0.6,12.0
326,0.6,11.0
327,0.6,12.5
328,0.6,13.0
329,0.6,10.0
330,0.6,12.5
331,0.6,12.5
332,0.6,12.5
333,0.6,11.5
334,0.6,12.5
335,0.6,12.5
336,0.6,12.5
337,0.6,12.5
338,0.6,11.0
339,0.6,12.5
340,0.6,13.0
341,0.6,12.5
342,0.6,12.5
343,0.6,13.0
344,0.6,12.5
345,0.6,12.5
346,0.6,12.5
347,0.6,12.0
348,0.6,11.5
349,0.6,12.5
350,0.6,12.5
351,0.6,13.0
352,0.6,10.0
353,0.6,9.0
354,0.6,12.5
355,0.6,8.0
356,0.6,12.5
357,0.6,9.5
358,0.6,12.5
359,0.6,8.0
360,0.6,12.5
361,0.6,11.5
362,0.6,12.5
363,0.6,13.0
364,0.6,11.0
365,0.6,12.5
366,0.6,11.0
367,0.6,12.5
368,0.6,8.0
369,0.6,12.0
370,0.6,8.5
371,0.6,10.5
372,0.6,11.0
373,0.6,12.5
374,0.6,11.5
375,0.6,10.0
376,0.6,9.5
377,0.6,12.0
378,0.6,10.0
379,0.6,11.5
380,0.6,13.0
381,0.6,12.5
382,0.6,12.5
383,0.6,12.5
384,0.6,12.5
385,0.6,12.0
386,0.6,7.0
387,0.6,12.0
388,0.6,12.5
389,0.6,12.0
390,0.6,12.5
391,0.6,12.5
392,0.6,12.0
393,0.6,10.0
394,0.6,12.5
395,0.6,11.5
396,0.6,13.0
397,0.6,12.5
398,0.6,12.5
399,0.6,12.5
400,0.6,12.5
401,0.6,12.0
402,0.6,11.0
403,0.6,12.5
404,0.6,11.5
405,0.6,12.5
406,0.6,12.0
407,0.6,10.5
408,0.6,12.5
409,0.6,10.0
410,0.6,12.5
411,0.6,12.5
412,0.6,12.5
413,0.6,12.5
414,0.6,10.5
415,0.6,12.5
416,0.6,12.0
417,0.6,12.5
418,0.6,12.5
419,0.6,12.5
420,0.6,11.0
421,0.6,11.5
422,0.6,10.5
423,0.6,12.5
424,0.6,13.0
425,0.6,12.5
426,0.6,12.5
427,0.6,11.5
428,0.6,12.5
429,0.6,11.0
430,0.6,12.5
431,0.6,11.0
432,0.6,12.5
433,0.6,12.5
434,0.6,13.0
435,0.6,12.5
436,0.6,12.5
437,0.6,11.0
438,0.6,13.0
439,0.6,12.5
440,0.6,12.0
441,0.6,12.0
442,0.6,12.5
443,0.6,12.5
444,0.6,12.5
445,0.6,13.0
446,0.6,12.0
447,0.6,12.5
448,0.6,12.5
449,0.6,12.0
450,0.6,13.0
451,0.6,9.0
452,0.6,9.5
453,0.6,12.0
454,0.6,12.5
455,0.6,9.0
456,0.6,12.0
457,0.6,12.5
458,0.6,10.0
459,0.6,10.5
460,0.6,10.0
461,0.6,10.0
462,0.6,12.5
463,0.6,12.5
464,0.6,7.0
465,0.6,12.0
466,0.6,11.5
467,0.6,12.0
468,0.6,12.0
469,0.6,11.0
470,0.6,10.0
471,0.6,12.5
472,0.6,10.5
473,0.6,11.0
474,0.6,12.5
475,0.6,11.0
476,0.6,9.0
477,0.6,8.0
478,0.6,10.5
479,0.6,11.0
480,0.6,12.5
481,0.6,10.5
482,0.6,12.5
483,0.6,12.0
484,0.6,8.5
485,0.6,11.5
486,0.6,12.5
487,0.6,13.0
488,0.6,12.5
489,0.6,12.5
490,0.6,8.5
491,0.6,9.0
492,0.6,12.5
493,0.6,12.5
494,0.6,12.5
495,0.6,12.5
496,0.6,12.5
497,0.6,12.5
498,0.6,9.0
499,0.6,11.0
0,0.7,13.0
1,0.7,12.0
2,0.7,8.5
3,0.7,12.5
4,0.7,12.5
5,0.7,12.5
6,0.7,12.0
7,0.7,12.0
8,0.7,13.0
9,0.7,10.5
10,0.7,12.0
11,0.7,11.0
12,0.7,12.0
13,0.7,12.5
14,0.7,12.0
15,0.7,12.5
16,0.7,12.0
17,0.7,11.5
18,0.7,12.5
19,0.7,12.5
20,0.7,10.5
21,0.7,12.5
22,0.7,7.5
23,0.7,12.5
24,0.7,12.0
25,0.7,11.5
26,0.7,12.5
27,0.7,12.5
28,0.7,12.5
29,0.7,12.5
30,0.7,10.5
31,0.7,11.5
32,0.7,12.0
33,0.7,12.5
34,0.7,11.0
35,0.7,10.0
36,0.7,12.5
37,0.7,13.0
38,0.7,12.5
39,0.7,12.5
40,0.7,11.0
41,0.7,12.5
42,0.7,12.0
43,0.7,12.5
44,0.7,13.0
45,0.7,12.5
46,0.7,12.5
47,0.7,12.0
48,0.7,9.5
49,0.7,12.0
50,0.7,13.0
51,0.7,11.0
52,0.7,12.0
53,0.7,9.5
54,0.7,12.0
55,0.7,13.0
56,0.7,12.0
57,0.7,11.0
58,0.7,12.0
59,0.7,12.5
60,0.7,12.5
61,0.7,12.5
62,0.7,12.0
63,0.7,12.5
64,0.7,12.5
65,0.7,11.5
66,0.7,12.5
67,0.7,12.5
68,0.7,10.0
69,0.7,7.5
70,0.7,9.5
71,0.7,12.5
72,0.7,10.5
73,0.7,12.5
74,0.7,11.5
75,0.7,12.5
76,0.7,12.5
77,0.7,12.5
78,0.7,12.0
79,0.7,13.0
80,0.7,12.0
81,0.7,13.0
82,0.7,9.0
83,0.7,12.5
84,0.7,12.0
85,0.7,12.0
86,0.7,11.5
87,0.7,11.5
88,0.7,10.0
89,0.7,12.5
90,0.7,12.5
91,0.7,12.0
92,0.7,11.5
93,0.7,13.0
94,0.7,11.5
95,0.7,11.0
96,0.7,10.0
97,0.7,12.5
98,0.7,12.5
99,0.7,12.5
100,0.7,12.0
101,0.7,10.5
102,0.7,8.0
103,0.7,13.0
104,0.7,10.0
105,0.7,12.0
106,0.7,13.0
107,0.7,12.5
108,0.7,12.0
109,0.7,12.5
110,0.7,11.0
111,0.7,12.0
112,0.7,12.5
113,0.7,12.0
114,0.7,12.5
115,0.7,9.5
116,0.7,12.0
117,0.7,10.0
118,0.7,12.5
119,0.7,7.0
120,0.7,12.0
121,0.7,12.0
122,0.7,12.5
123,0.7,10.0
124,0.7,10.5
125,0.7,12.5
126,0.7,10.5
127,0.7,13.0
128,0.7,13.0
129,0.7,11.0
130,0.7,12.5
131,0.7,11.5
132,0.7,10.5
133,0.7,13.0
134,0.7,12.5
135,0.7,13.0
136,0.7,10.5
137,0.7,12.5
138,0.7,12.5
139,0.7,13.0
140,0.7,7.5
141,0.7,12.5
142,0.7,11.0
143,0.7,12.5
144,0.7,10.5
145,0.7,12.5
146,0.7,12.5
147,0.7,12.5
148,0.7,9.5
149,0.7,11.0
150,0.7,12.0
151,0.7,12.5
152,0.7,13.0
153,0.7,12.5
154,0.7,11.0
155,0.7,12.5
156,0.7,13.0
157,0.7,12.5
158,0.7,12.5
159,0.7,12.5
160,0.7,12.5
161,0.7,11.5
162,0.7,12.5
163,0.7,13.0
164,0.7,12.5
165,0.7,12.5
166,0.7,12.5
167,0.7,13.0
168,0.7,12.0
169,0.7,10.5
170,0.7,12.5
171,0.7,12.5
172,0.7,11.0
173,0.7,12.5
174,0.7,12.5
175,0.7,12.5
176,0.7,12.5
177,0.7,10.0
178,0.7,12.0
179,0.7,12.5
180,0.7,12.5
181,0.7,12.5
182,0.7,12.0
183,0.7,7.5
184,0.7,12.5
185,0.7,11.0
186,0.7,12.0
187,0.7,11.5
188,0.7,13.0
189,0.7,12.0
190,0.7,13.0
191,0.7,12.5
192,0.7,12.5
193,0.7,8.5
194,0.7,12.0
195,0.7,12.5
196,0.7,12.5
197,0.7,12.5
198,0.7,13.0
199,0.7,12.5
200,0.7,13.0
201,0.7,12.5
202,0.7,12.0
203,0.7,9.5
204,0.7,5.0
205,0.7,13.0
206,0.7,12.5
207,0.7,12.5
208,0.7,9.5
209,0.7,12.0
210,0.7,11.5
211,0.7,12.5
212,0.7,12.5
213,0.7,12.5
214,0.7,12.5
215,0.7,12.5
216,0.7,10.5
217,0.7,12.5
218,0.7,12.5
219,0.7,13.0
220,0.7,12.5
221,0.7,12.5
222,0.7,11.5
223,0.7,11.0
224,0.7,12.0
225,0.7,13.0
226,0.7,12.0
227,0.7,12.5
228,0.7,12.5
229,0.7,12.5
230,0.7,13.0
231,0.7,13.0
232,0.7,12.5
233,0.7,12.5
234,0.7,7.0
235,0.7,7.0
236,0.7,12.5
237,0.7,13.0
238,0.7,9.5
239,0.7,12.0
240,0.7,9.5
241,0.7,12.5
242,0.7,9.5
243,0.7,10.0
244,0.7,6.5
245,0.7,12.0
246,0.7,12.5
247,0.7,12.5
248,0.7,12.5
249,0.7,12.5
250,0.7,11.0
251,0.7,11.5
252,0.7,12.5
253,0.7,13.0
254,0.7,10.5
255,0.7,9.0
256,0.7,12.5
257,0.7,12.5
258,0.7,13.0
259,0.7,12.0
260,0.7,13.0
261,0.7,11.0
262,0.7,12.5
263,0.7,12.5
264,0.7,12.5
265,0.7,13.0
266,0.7,12.5
267,0.7,12.5
268,0.7,12.0
269,0.7,12.5
270,0.7,12.0
271,0.7,13.0
272,0.7,12.5
273,0.7,12.0
274,0.7,13.0
275,0.7,12.5
276,0.7,12.0
277,0.7,12.5
278,0.7,11.0
279,0.7,12.0
280,0.7,9.5
281,0.7,12.5
282,0.7,10.5
283,0.7,11.5
284,0.7,12.5
285,0.7,12.0
286,0.7,12.0
287,0.7,12.5
288,0.7,12.5
289,0.7,12.0
290,0.7,12.0
291,0.7,12.5
292,0.7,11.0
293,0.7,12.5
294,0.7,12.5
295,0.7,6.5
296,0.7,12.5
297,0.7,12.5
298,0.7,12.5
299,0.7,11.0
300,0.7,8.5
301,0.7,13.0
302,0.7,12.5
303,0.7,10.5
304,0.7,12.5
305,0.7,12.5
306,0.7,12.0
307,0.7,11.0
308,0.7,12.5
309,0.7,12.5
310,0.7,12.5
311,0.7,13.0
312,0.7,12.5
313,0.7,10.5
314,0.7,10.5
315,0.7,12.5
316,0.7,12.5
317,0.7,13.0
318,0.7,10.0
319,0.7,12.5
320,0.7,12.5
321,0.7,10.5
322,0.7,12.5
323,0.7,13.0
324,0.7,11.0
325,0.7,11.5
326,0.7,12.0
327,0.7,11.5
328,0.7,7.5
329,0.7,12.5
330,0.7,9.0
331,0.7,12.0
332,0.7,12.5
333,0.7,12.0
334,0.7,12.5
335,0.7,13.0
336,0.7,12.5
337,0.7,12.5
338,0.7,12.5
339,0.7,12.0
340,0.7,10.5
341,0.7,12.5
342,0.7,12.0
343,0.7,12.5
344,0.7,12.5
345,0.7,12.5
346,0.7,12.5
347,0.7,12.5
348,0.7,11.0
349,0.7,12.5
350,0.7,12.5
351,0.7,13.0
352,0.7,12.5
353,0.7,12.0
354,0.7,12.5
355,0.7,12.0
356,0.7,11.0
357,0.7,11.5
358,0.7,12.5
359,0.7,13.0
360,0.7,12.5
361,0.7,12.5
362,0.7,12.5
363,0.7,9.5
364,0.7,12.5
365,0.7,12.0
366,0.7,12.5
367,0.7,12.5
368,0.7,12.0
369,0.7,12.5
370,0.7,8.5
371,0.7,13.0
372,0.7,10.5
373,0.7,13.0
374,0.7,12.0
375,0.7,12.5
376,0.7,12.5
377,0.7,12.5
378,0.7,9.5
379,0.7,12.5
380,0.7,13.0
381,0.7,10.5
382,0.7,11.0
383,0.7,12.0
384,0.7,12.5
385,0.7,12.5
386,0.7,12.5
387,0.7,12.5
388,0.7,12.5
389,0.7,10.5
390,0.7,12.5
391,0.7,9.0
392,0.7,12.0
393,0.7,12.5
394,0.7,12.5
395,0.7,12.5
396,0.7,12.0
397,0.7,11.0
398,0.7,11.0
399,0.7,11.5
400,0.7,7.5
401,0.7,13.0
402,0.7,11.0
403,0.7,9.0
404,0.7,12.5
405,0.7,13.0
406,0.7,12.5
407,0.7,13.0
408,0.7,9.0
409,0.7,9.0
410,0.7,12.5
411,0.7,12.5
412,0.7,10.5
413,0.7,12.0
414,0.7,12.5
415,0.7,10.5
416,0.7,12.5
417,0.7,12.5
418,0.7,12.0
419,0.7,12.5
420,0.7,10.0
421,0.7,12.5
422,0.7,13.0
423,0.7,11.5
424,0.7,12.0
425,0.7,11.5
426,0.7,13.0
427,0.7,9.0
428,0.7,11.0
429,0.7,6.0
430,0.7,12.5
431,0.7,11.0
432,0.7,11.0
433,0.7,13.0
434,0.7,12.5
435,0.7,12.5
436,0.7,11.0
437,0.7,12.0
438,0.7,10.5
439,0.7,13.0
440,0.7,12.0
441,0.7,11.5
442,0.7,11.5
443,0.7,11.5
444,0.7,10.5
445,0.7,12.5
446,0.7,12.5
447,0.7,9.0
448,0.7,12.5
449,0.7,12.5
450,0.7,11.0
451,0.7,11.5
452,0.7,12.0
453,0.7,10.5
454,0.7,12.5
455,0.7,12.5
456,0.7,12.5
457,0.7,10.5
458,0.7,8.5
459,0.7,11.5
460,0.7,10.0
461,0.7,11.5
462,0.7,10.5
463,0.7,10.0
464,0.7,13.0
465,0.7,12.5
466,0.7,12.5
467,0.7,13.0
468,0.7,12.0
469,0.7,12.5
470,0.7,13.0
471,0.7,9.5
472,0.7,11.5
473,0.7,12.5
474,0.7,12.5
475,0.7,13.0
476,0.7,11.0
477,0.7,12.0
478,0.7,13.0
479,0.7,12.5
480,0.7,12.5
481,0.7,13.0
482,0.7,12.0
483,0.7,12.5
484,0.7,12.5
485,0.7,12.0
486,0.7,12.0
487,0.7,12.5
488,0.7,12.5
489,0.7,12.5
490,0.7,12.5
491,0.7,11.5
492,0.7,13.0
493,0.7,11.5
494,0.7,12.5
495,0.7,11.5
496,0.7,11.5
497,0.7,12.5
498,0.7,12.0
499,0.7,10.0
0,0.8,12.5
1,0.8,12.5
2,0.8,10.5
3,0.8,12.5
4,0.8,12.0
5,0.8,12.5
6,0.8,12.5
7,0.8,12.5
8,0.8,9.5
9,0.8,12.5
10,0.8,13.0
11,0.8,11.0
12,0.8,10.5
13,0.8,12.5
14,0.8,12.5
15,0.8,10.5
16,0.8,12.5
17,0.8,11.5
18,0.8,12.5
19,0.8,12.0
20,0.8,12.5
21,0.8,12.0
22,0.8,12.0
23,0.8,12.5
24,0.8,10.0
25,0.8,12.5
26,0.8,12.0
27,0.8,9.5
28,0.8,12.5
29,0.8,12.5
30,0.8,12.0
31,0.8,11.0
32,0.8,12.5
33,0.8,9.5
34,0.8,11.0
35,0.8,12.5
36,0.8,11.5
37,0.8,12.0
38,0.8,12.5
39,0.8,10.5
40,0.8,11.5
41,0.8,12.5
42,0.8,12.0
43,0.8,13.0
44,0.8,11.5
45,0.8,11.5
46,0.8,7.0
47,0.8,12.5
48,0.8,12.5
49,0.8,13.0
50,0.8,11.5
51,0.8,13.0
52,0.8,10.0
53,0.8,11.5
54,0.8,11.5
55,0.8,10.0
56,0.8,12.5
57,0.8,13.0
58,0.8,12.5
59,0.8,12.5
60,0.8,12.5
61,0.8,11.5
62,0.8,12.0
63,0.8,6.0
64,0.8,13.0
65,0.8,12.5
66,0.8,11.5
67,0.8,12.5
68,0.8,11.0
69,0.8,7.5
70,0.8,8.5
71,0.8,11.5
72,0.8,13.0
73,0.8,11.5
74,0.8,12.5
75,0.8,9.5
76,0.8,10.5
77,0.8,11.0
78,0.8,13.0
79,0.8,12.5
80,0.8,12.5
81,0.8,12.5
82,0.8,12.5
83,0.8,12.5
84,0.8,10.0
85,0.8,11.5
86,0.8,8.0
87,0.8,12.5
88,0.8,12.0
89,0.8,7.5
90,0.8,12.5
91,0.8,9.5
92,0.8,12.5
93,0.8,12.5
94,0.8,11.5
95,0.8,11.5
96,0.8,11.0
97,0.8,11.0
98,0.8,10.5
99,0.8,11.5
100,0.8,11.5
101,0.8,12.5
102,0.8,11.5
103,0.8,12.5
104,0.8,12.5
105,0.8,9.0
106,0.8,12.0
107,0.8,12.5
108,0.8,12.0
109,0.8,13.0
110,0.8,10.0
111,0.8,12.5
112,0.8,12.5
113,0.8,13.0
114,0.8,12.5
115,0.8,12.0
116,0.8,12.5
117,0.8,12.5
118,0.8,12.0
119,0.8,12.5
120,0.8,11.0
121,0.8,12.5
122,0.8,10.0
123,0.8,12.5
124,0.8,12.5
125,0.8,10.0
126,0.8,12.5
127,0.8,8.0
128,0.8,12.5
129,0.8,13.0
130,0.8,12.5
131,0.8,12.5
132,0.8,12.5
133,0.8,10.0
134,0.8,9.5
135,0.8,12.5
136,0.8,11.0
137,0.8,11.5
138,0.8,12.5
139,0.8,12.5
140,0.8,12.0
141,0.8,12.5
142,0.8,9.0
143,0.8,12.0
144,0.8,12.0
145,0.8,12.0
146,0.8,10.5
147,0.8,12.0
148,0.8,13.0
149,0.8,11.5
150,0.8,12.0
151,0.8,10.0
152,0.8,12.5
153,0.8,10.0
154,0.8,12.5
155,0.8,13.0
156,0.8,12.5
157,0.8,6.5
158,0.8,11.5
159,0.8,12.5
160,0.8,12.5
161,0.8,12.5
162,0.8,12.0
163,0.8,12.0
164,0.8,13.0
165,0.8,9.5
166,0.8,13.0
167,0.8,11.5
168,0.8,10.0
169,0.8,13.0
170,0.8,10.0
171,0.8,12.5
172,0.8,9.5
173,0.8,12.0
174,0.8,10.0
175,0.8,10.0
176,0.8,12.5
177,0.8,9.5
178,0.8,11.5
179,0.8,10.5
180,0.8,12.5
181,0.8,9.5
182,0.8,13.0
183,0.8,12.5
184,0.8,11.0
185,0.8,12.5
186,0.8,9.0
187,0.8,8.5
188,0.8,12.5
189,0.8,11.0
190,0.8,10.5
191,0.8,9.0
192,0.8,12.0
193,0.8,11.0
194,0.8,12.5
195,0.8,12.5
196,0.8,12.0
197,0.8,13.0
198,0.8,10.0
199,0.8,11.5
200,0.8,12.0
201,0.8,11.5
202,0.8,12.5
203,0.8,12.5
204,0.8,13.0
205,0.8,12.5
206,0.8,12.5
207,0.8,7.5
208,0.8,12.5
209,0.8,11.0
210,0.8,12.5
211,0.8,13.0
212,0.8,12.0
213,0.8,12.0
214,0.8,9.5
215,0.8,12.5
216,0.8,12.5
217,0.8,13.0
218,0.8,11.5
219,0.8,11.5
220,0.8,9.0
221,0.8,12.5
222,0.8,11.5
223,0.8,12.0
224,0.8,10.0
225,0.8,12.5
226,0.8,12.5
227,0.8,13.0
228,0.8,12.5
229,0.8,12.5
230,0.8,8.5
231,0.8,12.5
232,0.8,10.5
233,0.8,12.5
234,0.8,12.5
235,0.8,13.0
236,0.8,12.5
237,0.8,12.5
238,0.8,11.0
239,0.8,12.0
240,0.8,9.5
241,0.8,10.0
242,0.8,11.0
243,0.8,9.5
244,0.8,12.5
245,0.8,13.0
246,0.8,12.5
247,0.8,12.5
248,0.8,13.0
249,0.8,13.0
250,0.8,11.5
251,0.8,12.5
252,0.8,12.5
253,0.8,12.0
254,0.8,11.0
255,0.8,12.5
256,0.8,13.0
257,0.8,12.0
258,0.8,12.5
259,0.8,11.0
260,0.8,12.5
261,0.8,12.5
262,0.8,12.0
263,0.8,10.0
264,0.8,12.5
265,0.8,11.5
266,0.8,12.5
267,0.8,11.0
268,0.8,12.5
269,0.8,12.5
270,0.8,10.5
271,0.8,13.0
272,0.8,12.0
273,0.8,12.0
274,0.8,12.5
275,0.8,9.0
276,0.8,13.0
277,0.8,12.5
278,0.8,10.5
279,0.8,10.5
280,0.8,12.0
281,0.8,12.5
282,0.8,12.5
283,0.8,10.5
284,0.8,13.0
285,0.8,12.5
286,0.8,12.5
287,0.8,10.0
288,0.8,12.5
289,0.8,10.5
290,0.8,11.0
291,0.8,12.5
292,0.8,12.5
293,0.8,11.5
294,0.8,11.0
295,0.8,13.0
296,0.8,12.5
297,0.8,10.0
298,0.8,13.0
299,0.8,10.0
300,0.8,11.0
301,0.8,12.5
302,0.8,13.0
303,0.8,12.5
304,0.8,12.0
305,0.8,12.5
306,0.8,12.0
307,0.8,12.5
308,0.8,9.0
309,0.8,12.5
310,0.8,9.5
311,0.8,9.0
312,0.8,12.5
313,0.8,11.5
314,0.8,12.5
315,0.8,13.0
316,0.8,13.0
317,0.8,12.5
318,0.8,12.5
319,0.8,11.5
320,0.8,13.0
321,0.8,12.5
322,0.8,12.0
323,0.8,13.0
324,0.8,10.0
325,0.8,11.5
326,0.8,11.5
327,0.8,9.5
328,0.8,12.5
329,0.8,11.5
330,0.8,10.0
331,0.8,12.5
332,0.8,9.5
333,0.8,12.5
334,0.8,7.0
335,0.8,11.0
336,0.8,11.0
337,0.8,12.0
338,0.8,12.5
339,0.8,11.0
340,0.8,10.0
341,0.8,12.0
342,0.8,4.5
343,0.8,12.5
344,0.8,12.5
345,0.8,10.5
346,0.8,12.5
347,0.8,12.0
348,0.8,13.0
349,0.8,12.5
350,0.8,13.0
351,0.8,8.5
352,0.8,12.5
353,0.8,12.0
354,0.8,13.0
355,0.8,12.5
356,0.8,9.5
357,0.8,12.5
358,0.8,12.5
359,0.8,12.5
360,0.8,12.0
361,0.8,12.5
362,0.8,13.0
363,0.8,12.5
364,0.8,12.0
365,0.8,12.5
366,0.8,12.5
367,0.8,13.0
368,0.8,7.5
369,0.8,12.5
370,0.8,12.5
371,0.8,12.5
372,0.8,11.0
373,0.8,10.0
374,0.8,11.5
375,0.8,12.5
376,0.8,12.5
377,0.8,11.5
378,0.8,7.5
379,0.8,12.5
380,0.8,12.5
381,0.8,12.5
382,0.8,8.5
383,0.8,12.5
384,0.8,12.5
385,0.8,11.0
386,0.8,12.5
387,0.8,11.5
388,0.8,12.5
389,0.8,10.5
390,0.8,11.0
391,0.8,12.0
392,0.8,8.0
393,0.8,12.0
394,0.8,9.5
395,0.8,12.5
396,0.8,13.0
397,0.8,11.0
398,0.8,12.5
399,0.8,12.5
400,0.8,9.5
401,0.8,8.5
402,0.8,12.5
403,0.8,13.0
404,0.8,12.5
405,0.8,13.0
406,0.8,12.5
407,0.8,11.5
408,0.8,13.0
409,0.8,12.0
410,0.8,10.5
411,0.8,12.5
412,0.8,11.0
413,0.8,13.0
414,0.8,13.0
415,0.8,12.5
416,0.8,8.5
417,0.8,11.5
418,0.8,10.5
419,0.8,9.0
420,0.8,13.0
421,0.8,12.5
422,0.8,6.0
423,0.8,11.5
424,0.8,12.5
425,0.8,12.5
426,0.8,6.0
427,0.8,13.0
428,0.8,1.5
429,0.8,12.5
430,0.8,11.5
431,0.8,9.5
432,0.8,12.0
433,0.8,11.0
434,0.8,12.5
435,0.8,9.5
436,0.8,12.5
437,0.8,12.0
438,0.8,11.0
439,0.8,10.0
440,0.8,9.0
441,0.8,13.0
442,0.8,11.5
443,0.8,12.5
444,0.8,11.0
445,0.8,9.5
446,0.8,12.5
447,0.8,12.5
448,0.8,12.5
449,0.8,11.5
450,0.8,11.0
451,0.8,12.0
452,0.8,10.5
453,0.8,12.0
454,0.8,13.0
455,0.8,12.5
456,0.8,12.5
457,0.8,10.5
458,0.8,12.0
459,0.8,10.5
460,0.8,12.5
461,0.8,12.5
462,0.8,12.0
463,0.8,9.0
464,0.8,10.0
465,0.8,12.5
466,0.8,12.5
467,0.8,11.5
468,0.8,12.0
469,0.8,12.5
470,0.8,11.5
471,0.8,12.5
472,0.8,13.0
473,0.8,12.5
474,0.8,12.5
475,0.8,9.0
476,0.8,8.0
477,0.8,9.0
478,0.8,11.5
479,0.8,12.5
480,0.8,11.0
481,0.8,12.5
482,0.8,12.5
483,0.8,12.5
484,0.8,10.0
485,0.8,9.0
486,0.8,12.5
487,0.8,12.0
488,0.8,12.5
489,0.8,8.5
490,0.8,10.0
491,0.8,12.5
492,0.8,12.5
493,0.8,11.5
494,0.8,12.0
495,0.8,12.5
496,0.8,10.0
497,0.8,12.5
498,0.8,12.5
499,0.8,11.5
0,0.9,12.5
1,0.9,10.5
2,0.9,12.0
3,0.9,10.5
4,0.9,12.0
5,0.9,11.5
6,0.9,11.5
7,0.9,11.5
8,0.9,11.5
9,0.9,12.5
10,0.9,10.0
11,0.9,11.5
12,0.9,12.0
13,0.9,12.5
14,0.9,12.5
15,0.9,12.0
16,0.9,11.5
17,0.9,10.0
18,0.9,7.0
19,0.9,12.0
20,0.9,8.0
21,0.9,12.5
22,0.9,9.0
23,0.9,12.0
24,0.9,11.0
25,0.9,10.0
26,0.9,9.5
27,0.9,12.5
28,0.9,12.5
29,0.9,12.5
30,0.9,11.0
31,0.9,11.5
32,0.9,8.0
33,0.9,12.5
34,0.9,12.0
35,0.9,11.0
36,0.9,10.5
37,0.9,12.5
38,0.9,9.5
39,0.9,12.5
40,0.9,12.5
41,0.9,10.0
42,0.9,12.5
43,0.9,12.5
44,0.9,9.5
45,0.9,12.5
46,0.9,10.5
47,0.9,12.5
48,0.9,7.5
49,0.9,11.0
50,0.9,13.0
51,0.9,10.0
52,0.9,10.5
53,0.9,12.0
54,0.9,12.0
55,0.9,12.0
56,0.9,7.0
57,0.9,4.5
58,0.9,12.5
59,0.9,12.5
60,0.9,9.0
61,0.9,11.0
62,0.9,12.0
63,0.9,12.5
64,0.9,12.5
65,0.9,10.0
66,0.9,12.0
67,0.9,9.5
68,0.9,6.5
69,0.9,12.5
70,0.9,11.0
71,0.9,8.0
72,0.9,13.0
73,0.9,9.0
74,0.9,13.0
75,0.9,5.5
76,0.9,13.0
77,0.9,12.5
78,0.9,12.5
79,0.9,11.0
80,0.9,13.0
81,0.9,12.5
82,0.9,12.5
83,0.9,11.5
84,0.9,12.0
85,0.9,12.5
86,0.9,12.5
87,0.9,12.5
88,0.9,3.0
89,0.9,12.5
90,0.9,9.0
91,0.9,12.0
92,0.9,11.0
93,0.9,12.5
94,0.9,12.5
95,0.9,8.0
96,0.9,12.5
97,0.9,12.5
98,0.9,12.5
99,0.9,13.0
100,0.9,7.0
101,0.9,4.5
102,0.9,8.5
103,0.9,6.5
104,0.9,12.0
105,0.9,12.5
106,0.9,9.5
107,0.9,12.0
108,0.9,12.5
109,0.9,12.5
110,0.9,12.5
111,0.9,13.0
112,0.9,12.5
113,0.9,12.5
114,0.9,2.5
115,0.9,12.5
116,0.9,9.5
117,0.9,7.0
118,0.9,9.5
119,0.9,12.5
120,0.9,11.5
121,0.9,12.5
122,0.9,12.5
123,0.9,7.0
124,0.9,10.5
125,0.9,10.5
126,0.9,12.5
127,0.9,6.5
128,0.9,10.5
129,0.9,7.5
130,0.9,12.0
131,0.9,12.5
132,0.9,13.0
133,0.9,13.0
134,0.9,3.5
135,0.9,12.5
136,0.9,12.5
137,0.9,13.0
138,0.9,5.0
139,0.9,11.0
140,0.9,12.0
141,0.9,12.5
142,0.9,12.5
143,0.9,11.5
144,0.9,8.5
145,0.9,13.0
146,0.9,10.5
147,0.9,9.5
148,0.9,11.0
149,0.9,12.5
150,0.9,10.0
151,0.9,9.0
152,0.9,12.5
153,0.9,12.5
154,0.9,12.5
155,0.9,9.5
156,0.9,12.5
157,0.9,12.5
158,0.9,12.5
159,0.9,12.5
160,0.9,12.5
161,0.9,12.5
162,0.9,5.0
163,0.9,12.5
164,0.9,8.0
165,0.9,8.5
166,0.9,11.0
167,0.9,13.0
168,0.9,10.0
169,0.9,13.0
170,0.9,13.0
171,0.9,12.0
172,0.9,13.0
173,0.9,7.5
174,0.9,11.0
175,0.9,12.5
176,0.9,7.0
177,0.9,13.0
178,0.9,12.5
179,0.9,9.0
180,0.9,10.5
181,0.9,10.5
182,0.9,13.0
183,0.9,12.5
184,0.9,12.5
185,0.9,12.5
186,0.9,11.5
187,0.9,12.5
188,0.9,7.5
189,0.9,13.0
190,0.9,7.5
191,0.9,12.5
192,0.9,12.5
193,0.9,5.5
194,0.9,13.0
195,0.9,10.0
196,0.9,3.0
197,0.9,12.0
198,0.9,5.5
199,0.9,10.5
200,0.9,10.5
201,0.9,10.5
202,0.9,12.5
203,0.9,9.5
204,0.9,13.0
205,0.9,12.5
206,0.9,7.5
207,0.9,11.5
208,0.9,10.5
209,0.9,9.5
210,0.9,13.0
211,0.9,8.5
212,0.9,12.5
213,0.9,8.5
214,0.9,12.5
215,0.9,7.5
216,0.9,11.0
217,0.9,12.0
218,0.9,13.0
219,0.9,4.0
220,0.9,13.0
221,0.9,12.5
222,0.9,10.0
223,0.9,12.0
224,0.9,6.5
225,0.9,4.5
226,0.9,10.5
227,0.9,7.5
228,0.9,12.5
229,0.9,12.0
230,0.9,8.0
231,0.9,11.5
232,0.9,12.5
233,0.9,12.5
234,0.9,8.0
235,0.9,11.0
236,0.9,12.5
237,0.9,10.5
238,0.9,13.0
239,0.9,11.0
240,0.9,12.5
241,0.9,12.5
242,0.9,12.5
243,0.9,12.5
244,0.9,10.0
245,0.9,12.0
246,0.9,10.5
247,0.9,12.5
248,0.9,8.5
249,0.9,12.5
250,0.9,12.5
251,0.9,12.5
252,0.9,12.5
253,0.9,7.0
254,0.9,11.0
255,0.9,12.5
256,0.9,12.0
257,0.9,10.5
258,0.9,9.5
259,0.9,3.5
260,0.9,10.0
261,0.9,13.0
262,0.9,12.5
263,0.9,13.0
264,0.9,9.0
265,0.9,10.5
266,0.9,12.5
267,0.9,6.0
268,0.9,12.5
269,0.9,12.5
270,0.9,5.0
271,0.9,8.0
272,0.9,12.5
273,0.9,12.5
274,0.9,12.5
275,0.9,11.0
276,0.9,12.5
277,0.9,12.5
278,0.9,12.5
279,0.9,5.0
280,0.9,12.5
281,0.9,11.0
282,0.9,8.5
283,0.9,12.0
284,0.9,12.5
285,0.9,9.0
286,0.9,13.0
287,0.9,12.5
288,0.9,11.0
289,0.9,12.5
290,0.9,12.5
291,0.9,12.5
292,0.9,9.0
293,0.9,12.5
294,0.9,12.5
295,0.9,12.5
296,0.9,10.5
297,0.9,11.0
298,0.9,12.0
299,0.9,10.0
300,0.9,10.0
301,0.9,5.0
302,0.9,4.0
303,0.9,8.5
304,0.9,2.5
305,0.9,12.0
306,0.9,7.5
307,0.9,12.0
308,0.9,12.5
309,0.9,8.5
310,0.9,6.5
311,0.9,12.5
312,0.9,9.0
313,0.9,11.0
314,0.9,13.0
315,0.9,9.0
316,0.9,7.0
317,0.9,12.5
318,0.9,9.5
319,0.9,6.5
320,0.9,11.5
321,0.9,7.0
322,0.9,10.0
323,0.9,12.5
324,0.9,11.5
325,0.9,12.0
326,0.9,12.5
327,0.9,12.5
328,0.9,13.0
329,0.9,11.5
330,0.9,11.5
331,0.9,12.5
332,0.9,11.5
333,0.9,12.5
334,0.9,6.0
335,0.9,7.5
336,0.9,3.5
337,0.9,11.5
338,0.9,12.5
339,0.9,12.0
340,0.9,12.0
341,0.9,12.5
342,0.9,12.5
343,0.9,10.0
344,0.9,12.0
345,0.9,12.0
346,0.9,9.5
347,0.9,12.5
348,0.9,12.5
349,0.9,10.0
350,0.9,3.0
351,0.9,10.0
352,0.9,12.5
353,0.9,12.5
354,0.9,12.5
355,0.9,8.0
356,0.9,10.5
357,0.9,10.5
358,0.9,11.0
359,0.9,11.5
360,0.9,13.0
361,0.9,6.5
362,0.9,12.5
363,0.9,9.5
364,0.9,12.0
365,0.9,13.0
366,0.9,12.5
367,0.9,12.5
368,0.9,13.0
369,0.9,4.5
370,0.9,12.5
371,0.9,12.5
372,0.9,12.5
373,0.9,10.5
374,0.9,13.0
375,0.9,12.5
376,0.9,11.0
377,0.9,9.0
378,0.9,12.5
379,0.9,5.5
380,0.9,12.5
381,0.9,12.5
382,0.9,11.5
383,0.9,6.5
384,0.9,13.0
385,0.9,12.5
386,0.9,11.0
387,0.9,12.5
388,0.9,12.5
389,0.9,11.5
390,0.9,11.0
391,0.9,11.5
392,0.9,12.5
393,0.9,12.5
394,0.9,9.0
395,0.9,10.0
396,0.9,12.5
397,0.9,12.5
398,0.9,12.5
399,0.9,12.5
400,0.9,12.5
401,0.9,9.0
402,0.9,12.5
403,0.9,7.5
404,0.9,11.5
405,0.9,3.5
406,0.9,3.0
407,0.9,6.0
408,0.9,11.0
409,0.9,9.5
410,0.9,4.0
411,0.9,9.5
412,0.9,12.0
413,0.9,11.0
414,0.9,2.5
415,0.9,10.0
416,0.9,12.5
417,0.9,10.5
418,0.9,2.0
419,0.9,12.5
420,0.9,12.5
421,0.9,9.0
422,0.9,12.5
423,0.9,10.5
424,0.9,8.0
425,0.9,12.5
426,0.9,10.0
427,0.9,11.5
428,0.9,6.5
429,0.9,4.5
430,0.9,11.0
431,0.9,11.5
432,0.9,6.0
433,0.9,9.5
434,0.9,13.0
435,0.9,13.0
436,0.9,12.5
437,0.9,12.5
438,0.9,4.0
439,0.9,4.5
440,0.9,12.0
441,0.9,12.5
442,0.9,13.0
443,0.9,12.5
444,0.9,10.5
445,0.9,12.5
446,0.9,11.0
447,0.9,12.5
448,0.9,6.0
449,0.9,6.5
450,0.9,8.5
451,0.9,12.0
452,0.9,10.0
453,0.9,13.0
454,0.9,12.5
455,0.9,4.0
456,0.9,12.5
457,0.9,9.5
458,0.9,12.5
459,0.9,13.0
460,0.9,13.0
461,0.9,12.5
462,0.9,9.0
463,0.9,13.0
464,0.9,12.5
465,0.9,6.5
466,0.9,11.0
467,0.9,12.5
468,0.9,11.0
469,0.9,12.0
470,0.9,10.0
471,0.9,7.5
472,0.9,8.5
473,0.9,12.0
474,0.9,10.5
475,0.9,13.0
476,0.9,12.5
477,0.9,11.5
478,0.9,12.5
479,0.9,11.0
480,0.9,7.5
481,0.9,10.0
482,0.9,4.0
483,0.9,12.5
484,0.9,12.5
485,0.9,12.0
486,0.9,12.0
487,0.9,4.5
488,0.9,12.0
489,0.9,12.5
490,0.9,13.0
491,0.9,13.0
492,0.9,11.5
493,0.9,13.0
494,0.9,12.5
495,0.9,12.5
496,0.9,12.5
497,0.9,12.5
498,0.9,8.5
499,0.9,7.5
